sample,input,lowpass,band_64_125,band_125_250,band_250_500,band_500_1k,band_1k_2k,band_2k_4k,band_4k_8k,band_8k_16k,highpass
0,3074561,244703,241701,228190,175646,10508,-207173,108090,-49542,28523,0
1,-4347219,-71266,-71525,-65932,-42681,22672,64737,-37236,50531,-76361,0
2,-1460598,-144397,-141106,-130596,-92013,26011,140330,-102201,66142,-138,15012
3,-3584916,-426860,-419356,-393971,-296232,14684,398613,-280098,65325,56440,-45247
4,769156,-448933,-443431,-419471,-326589,-25703,440731,-337716,-54390,9356,25329
5,383908,-616400,-605902,-579210,-472204,-109606,573632,-358722,-49436,190090,48572
6,-3872884,-1209860,-1197965,-1145456,-948226,-280123,1003536,-353902,250246,3690,-121384
7,2035313,-1453604,-1436896,-1389342,-1207706,-551427,1001785,140429,409469,-599902,85155
8,2884682,-1738924,-1727815,-1687171,-1529153,-927787,841590,995545,9150,-69049,110377
9,6243206,-1807631,-1799274,-1785025,-1715178,-1388388,246562,2229135,-1204105,486494,-289511
10,-1288119,-2410020,-2404105,-2382516,-2298313,-1922558,-163102,3228904,-2268128,96952,214600
11,1191190,-2689449,-2688059,-2680104,-2655055,-2481431,-1085820,3935119,-2020596,1106113,243218
12,-3742886,-3218974,-3218565,-3209813,-3175474,-3010717,-1946101,3624378,320828,-57937,-722221
13,-8247929,-3975261,-3972736,-3946170,-3832526,-3476255,-2605358,1945992,3642684,-3803642,553607
14,-677539,-4116866,-4107342,-4091183,-4025527,-3839637,-3623379,-717693,5533003,-504011,801170
15,4270717,-3909782,-3916218,-3919680,-3945650,-4063463,-4600961,-4003050,4609325,6277576,-3335249
16,-2009660,-4233967,-4233823,-4226207,-4198285,-4161561,-4706988,-7362485,1494656,2315062,6088366
17,-5215981,-4805048,-4793820,-4755634,-4614190,-4188401,-4135972,-9573518,-2302987,-7234071,-7596228
18,7278903,-4435682,-4426480,-4412305,-4355628,-4141398,-3952722,-9176980,-5872420,-5896189,6903015
19,6706728,-4136560,-4134482,-4133549,-4126094,-4032105,-3426532,-6252593,-8450947,6204474,-4241867
20,2498272,-4057603,-4053919,-4053084,-4031898,-3877888,-2594940,-1346759,-9003546,10385384,916873
21,1184576,-3882141,-3876676,-3871896,-3859852,-3690990,-1907168,4419899,-5685068,-3955401,1879217
22,-7938840,-4185367,-4185635,-4149260,-4013317,-3459055,-972511,9024879,2405278,-12659445,-3859992
23,-4082827,-4034696,-4027135,-3984289,-3816042,-3185779,-649716,11202359,12045392,2278355,5527598
24,-3698894,-3821839,-3806193,-3758562,-3557855,-2860603,-583281,9806050,17332110,9088305,-6981259
25,-7087636,-3934453,-3919160,-3840917,-3538230,-2535971,-356773,4844359,13903875,-2758589,7269974
26,-1217827,-3781982,-3754798,-3668020,-3344418,-2264997,-416179,-1969616,3003340,1349258,-5518866
27,4430253,-3443874,-3423230,-3346930,-3061249,-2091426,-621200,-8357617,-8866161,5429671,2254666
28,408660,-3672559,-3644029,-3559115,-3226699,-2079467,-336921,-12215759,-15405629,-15161576,515428
29,-4982311,-4516327,-4477028,-4359534,-3896901,-2306013,424574,-11938629,-15285422,-8515993,-1056282
30,-2652894,-5396078,-5347096,-5210220,-4679671,-2815566,1030243,-7042943,-11314126,25104777,-25498
31,4727061,-5937531,-5900066,-5780347,-5311032,-3587901,1025137,1256492,-5845225,10064656,272048
32,6985578,-6772804,-6745713,-6635959,-6203738,-4570887,770762,10149844,1713847,-24686386,1974605
33,-5938447,-8110488,-8078414,-7959050,-7489846,-5734735,333077,16636451,11867184,-9417694,-5315300
34,7285149,-8563520,-8549641,-8471594,-8188933,-7003413,-1488481,19024534,20781078,14435932,6347695
35,-2566783,-9478954,-9469065,-9414253,-9200060,-8264499,-3507871,15804897,21914110,7638539,-2928798
36,-206693,-10276477,-10269694,-10238916,-10084578,-9435778,-5967470,7867604,11019184,-2440277,-3149493
37,1101932,-10684742,-10670975,-10667163,-10624112,-10398044,-8789299,-2601770,-7489336,-6691961,7628363
38,-8270075,-11150208,-11160284,-11150797,-11142489,-11108298,-11131444,-13093337,-22021070,-2373331,-7503672
39,6162534,-10675218,-10685085,-10722165,-10893344,-11488325,-13463743,-20540698,-23119157,8385837,3389606
40,7504452,-9951639,-9964282,-10044387,-10349737,-11457714,-14841071,-23498756,-10773904,-1506453,1389331
41,-5810496,-10303551,-10315934,-10352964,-10459804,-11003431,-13901854,-22097380,5327399,-13510474,-3770680
42,-3521091,-9702008,-9709837,-9724019,-9798256,-10162885,-12352022,-16270897,13222229,8373666,3129600
43,-1046928,-9044283,-9040732,-9023979,-8985991,-8934378,-9610632,-8110794,9343344,19466840,-596069
44,4287513,-7547551,-7551554,-7541638,-7497750,-7362241,-6657286,679270,-599433,-12000326,-2278931
45,4054608,-5599204,-5603069,-5612250,-5617901,-5546341,-3643834,8120782,-6818555,-20870024,3898161
46,-5898379,-4808772,-4790808,-4733819,-4522485,-3642470,301764,12363427,-3760547,11118402,-2598621
47,-6787050,-4327721,-4296866,-4162952,-3662563,-1781200,4020320,13446934,5044514,15266826,-2710657
48,-7528177,-3480265,-3432381,-3262070,-2587416,-143803,6533228,12104412,10924427,-7704723,10957813
49,-4037942,-2276678,-2217339,-2053128,-1373809,1083578,7672199,9241538,7822314,-8100200,-18080592
50,-293472,-2106541,-2047293,-1843615,-1050254,1777469,8538195,5439977,-1973880,3364274,18856314
51,-3542587,-2717903,-2645897,-2390745,-1450999,1848045,8888075,2003796,-10278684,8212729,-11147713
52,850164,-3320875,-3247424,-2999075,-2052555,1250116,8149927,168693,-10364621,1363110,-1437620
53,9665,-4620534,-4544836,-4302787,-3337745,-8157,6974919,99953,-2985052,-17132532,11711300
54,-2505336,-5993898,-5926447,-5714287,-4860096,-1870097,4944467,1903287,3985558,-6211816,-13656257
55,1789775,-7767252,-7715815,-7528201,-6817570,-4238144,2415749,4696090,4081538,26155719,7045530
56,-2900297,-10245721,-10193361,-10019985,-9356131,-6952240,-277255,7180296,-1235981,11109777,2748621
57,-6638046,-12825809,-12791518,-12640938,-12051203,-9904796,-3432681,8282629,-4367375,-25047142,-9215544
58,-5501902,-15787976,-15749249,-15606477,-15036350,-12957269,-6619372,6907716,393814,-14829112,9243138
59,-8318325,-19448220,-19400056,-19213646,-18504172,-15991119,-9285809,2646549,10016894,12760022,-4326397
60,3951484,-21904423,-21857899,-21700275,-21090839,-18888019,-12779755,-2998064,14591073,15356310,-1650940
61,3919154,-23920403,-23889052,-23774967,-23310679,-21589113,-16232088,-8908363,7922159,2156805,5551981
62,3453553,-25891333,-25862831,-25776952,-25428486,-24040675,-19079961,-13508992,-6496549,-11495086,-6358216
63,1709341,-28156231,-28129058,-28029610,-27657252,-26153790,-20868652,-15517228,-18097845,-10468762,4687026
64,133018,-30284097,-30254982,-30128716,-29655043,-27836317,-21889970,-14211661,-18862014,4993801,-1362414
65,-258362,-30904100,-30869854,-30787428,-30442972,-29034972,-23219806,-9676656,-9764710,9420627,-2450942
66,247422,-31977561,-31949197,-31843373,-31395723,-29687069,-23172836,-4411199,2772313,715130,5411192
67,-123813,-31777108,-31755663,-31657434,-31269397,-29723735,-23225991,294986,12111078,-2101069,-5924074
68,-7015042,-31756129,-31730803,-31594049,-31090183,-29166809,-22145451,2090967,16730261,-2997007,3319240
69,-5085418,-31241212,-31203497,-31035704,-30389512,-28042349,-20582768,606254,16608652,-5413905,1331516
70,7707485,-28596375,-28566047,-28464488,-28055571,-26424591,-19988395,-2817188,10446376,815725,-5350838
71,5191146,-26943768,-26906139,-26786708,-26295009,-24394364,-17826405,-7770634,-1422551,8315068,6163786
72,-4233062,-25876323,-25817300,-25620374,-24852231,-22066941,-14599320,-11817343,-15257068,4874071,-2831273
73,632224,-23171217,-23114350,-22927655,-22218049,-19576826,-12352607,-12135211,-23633043,-5518408,-2810467
74,-1880715,-20700454,-20648424,-20460849,-19732184,-17046501,-9700907,-8809628,-19878291,-10846485,7572461
75,7152845,-17625536,-17576432,-17425563,-16819267,-14539303,-7541137,-2208999,-5654315,263919,-8958725
76,-6813622,-16076154,-16015617,-15812959,-15011376,-12132782,-4267362,4827014,11072405,12502710,6956718
77,5448424,-13701125,-13647107,-13442094,-12666338,-9865394,-2045627,10971185,20709941,3945689,-3527878
78,6065875,-10743391,-10703551,-10548290,-9950498,-7729772,-825252,14236654,19805200,-7039971,971445
79,6702229,-7772150,-7752621,-7653098,-7254722,-5737952,-199483,13578209,11021451,-5619651,166622
80,-3454440,-5491528,-5464345,-5388994,-5076020,-3873739,406751,9199263,-515058,-4488002,-761887
81,3722262,-2781418,-2772522,-2738161,-2628004,-2116966,154882,3069928,-10718590,6132778,1687971
82,-1742901,-733678,-723638,-710591,-641719,-394312,114193,-3384600,-16054053,16852841,-2498319
83,4292556,2115360,2102589,2059634,1898024,1304260,-647361,-7963071,-14502894,-5936770,1926824
84,7769414,4890306,4874236,4776848,4411233,3069505,-1138219,-10128934,-5697186,-24740984,427974
85,-429339,7125779,7080688,6980826,6552166,4916165,-668520,-10064721,6455894,4651867,-3265753
86,-574665,9543824,9511345,9380822,8866507,6887626,275443,-8056674,14432133,25977392,4260194
87,-2720889,11389985,11354467,11239797,10791124,8985388,2412376,-5350315,12690197,-3228935,-1704559
88,-271621,13624267,13588196,13466761,13023081,11239722,4854812,-2334427,1902439,-22790873,-4079010
89,7652182,16575932,16537317,16388413,15794802,13594876,7114910,692061,-10067404,4207855,10696354
90,3100202,18996313,18948111,18797873,18192868,15998967,9955298,3127529,-13783618,19325442,-15337252
91,3974910,21770313,21717373,21535793,20816475,18322567,12285071,5501265,-6751403,-7748811,15996699
92,-2279331,23160326,23125739,22978508,22427295,20467401,15265062,7153453,5289271,-17400255,-12976920
93,7880676,25334816,25295015,25132626,24524635,22377613,16859527,8910641,11851005,9343072,8735782
94,5966571,27269717,27220173,27050304,26378224,24008884,17808146,9997412,8068131,14161524,-6387327
95,4143961,29076584,29022575,28831552,28073097,25349679,18026144,10022397,-1875974,-4258372,7318110
96,2091507,30736739,30677048,30455592,29586680,26424113,17643471,8667002,-8371148,-7023360,-9989821
97,-5541244,31724330,31652525,31427039,30557469,27289957,17326659,5645725,-5345018,-5154381,10966049
98,-6654001,32377492,32315867,32101164,31248400,27981609,17023443,1467428,3746992,-2718325,-7806330
99,439310,33271635,33211706,32978130,32074512,28572316,16486721,-2861520,9513655,10539833,1196188
100,7203401,34866789,34783134,34490709,33352126,29064424,15493731,-6098447,5868105,10168113,5021338
101,6326445,36012672,35921101,35584350,34270287,29453087,15111510,-7689883,-3782931,-6049597,-7499250
102,-1390504,35409124,35319711,35038626,33910933,29716779,16440896,-7447583,-10415943,-11717586,5471273
103,-2273612,34708096,34649314,34407453,33454182,29858119,17939921,-4463943,-9320752,-5991078,-992474
104,1347581,34823712,34750027,34493111,33502673,29829994,18699213,1028855,-3738365,7142837,-3348822
105,6442655,34731042,34663054,34391126,33363024,29626616,19300882,7353915,221896,16646222,6271802
106,1134187,34328855,34255008,33988396,32948894,29233925,19666786,12801968,1004739,615432,-8173613
107,4126448,33393273,33317682,33076480,32113723,28672716,19802319,15761803,3103385,-17724329,9223306
108,3964367,33576217,33484981,33192095,32031430,27957930,18256934,15949395,9255756,-6838769,-8950923
109,4903791,32997274,32907775,32594641,31389173,27123770,16703151,12397135,15365997,7382003,6673848
110,3401505,32380828,32298869,31971783,30724330,26256760,14714713,6203245,12534804,6893380,-2767030
111,2246750,31745627,31650870,31323145,30055510,25443048,12588408,-1182531,-1642492,7251944,-1117825
112,-4299464,31531160,31432977,31087504,29724795,24742203,10311576,-7879289,-18086487,709490,3063519
113,7632435,31831194,31720260,31334973,29817401,24263159,8184330,-12406556,-23142545,-16063209,-2575502
114,1385913,32216852,32095359,31678223,30051114,24089789,6873451,-14128099,-11711575,-12110827,550620
115,-4870346,31816521,31709116,31321933,29819454,24218202,7321111,-13394748,7272576,13588518,1187902
116,5026565,31966997,31865250,31495884,30051985,24679004,8418474,-10175603,18350693,20353910,-1572851
117,1939361,32485294,32377853,32019418,30620193,25450092,10197875,-5441410,13907184,-4246489,807558
118,2739509,33093055,32990954,32649076,31323005,26450625,12634833,-252819,-304989,-20950673,-319270
119,-1963469,33570789,33485348,33177600,31966717,27572722,15522375,4552143,-11610771,-3343983,1191914
120,-4020534,33797286,33718514,33456503,32418778,28677292,18556475,8392044,-11926903,14572411,-3484146
121,522001,33693087,33637372,33425365,32603992,29637098,21362549,10965032,-3307310,5301276,5598695
122,-3642368,33417261,33379109,33212566,32595740,30308059,23472684,12231914,6041744,-6031627,-5667734
123,-3504893,32781183,32747984,32633713,32196991,30527889,24805817,12172380,9770536,-5663887,3101984
124,6754329,33060961,33019881,32878887,32287759,30198672,24130922,11570380,7039062,757934,36815
125,4561264,31955419,31919682,31785687,31246624,29290453,23352109,9797072,1861928,8611861,-675844
126,-2627652,30047552,30017261,29901063,29466089,27797981,22065499,7508064,-2690833,-1337058,-2685192
127,5244400,28489740,28462269,28320794,27784794,25797740,19442601,5579872,-5760282,-13283285,8238370
128,-1290292,26210211,26167771,26030300,25479761,23416228,16637114,3748085,-6914448,5651585,-11653047
129,-7060216,23846119,23798290,23645467,23048504,20770294,13384531,2213110,-5737702,15668881,9406397
130,-4992975,21621636,21575110,21390609,20667222,17961157,9786682,776574,-1556300,-8864024,-1972106
131,3337454,19455513,19387860,19165795,18304508,15151645,6255679,-955486,4851681,-14243709,-6733162
132,3561897,16711208,16644142,16428356,15580164,12463044,3582348,-3381193,10450712,8480153,11595165
133,-4669500,13368130,13322383,13153959,12489805,9963330,1990387,-6247019,11153483,10767357,-10003243
134,4521520,11419450,11362136,11171814,10422957,7694747,-78615,-8032259,4479891,-7537069,3469164
135,6584546,9855939,9794892,9572710,8718650,5713172,-1775356,-8380245,-6897950,-7162538,3427958
136,-3203892,7601562,7548618,7355732,6623282,4034864,-2197940,-7293453,-16322748,9736473,-6273402
137,5690272,6059819,6012800,5832232,5125810,2699958,-2638730,-4272580,-17415649,2975806,3772247
138,7309647,5493657,5433650,5231932,4433725,1753856,-3404174,-49538,-8011296,-13372734,1312609
139,4050891,4962066,4900317,4693117,3900400,1208184,-3742814,3612105,7450386,3108172,-4530288
140,5974829,5186163,5120459,4893822,4034729,1104195,-4273585,5626198,19665375,12849581,3338768
141,-4079954,5134985,5071758,4877429,4111801,1459543,-4055588,4606213,21164377,-11466419,1219425
142,4833712,6419031,6355029,6138597,5289775,2317613,-4321359,1167821,10577565,-5816612,-5769244
143,-1510807,7704082,7639388,7428912,6623152,3686745,-3821521,-4377978,-5114434,19543198,7651790
144,6107012,10518543,10448662,10186434,9168165,5539555,-3684766,-9770156,-16525252,-3793830,-6597529
145,2831415,12468045,12398968,12162204,11231235,7855980,-1796405,-14185545,-16795531,-23348034,3718008
146,-1990253,14755905,14694234,14483990,13656138,10554279,802287,-15584316,-7744982,11290894,-34947
147,-269857,17850228,17795701,17571348,16706867,13503386,3626766,-13098753,2732770,19047475,-3854987
148,1719921,20367397,20305587,20115970,19370299,16581775,7626640,-7667656,7305187,-15285831,6630224
149,5080133,23246354,23203917,23020807,22316411,19695675,11648535,-64269,4130500,-8201339,-6351598
150,1375442,25572077,25528353,25386622,24821287,22690842,16101540,7634245,-1375305,16779121,1979552
151,3466480,28168715,28127212,27990711,27446265,25453728,19799098,14206310,-2810589,-2057220,4619221
152,1629857,30539233,30497357,30359013,29806564,27853788,22763550,18275276,1580437,-16229695,-9314177
153,-1864872,32018049,31990750,31869945,31431454,29812003,25222083,19076470,7244923,5145350,8637781
154,-8123021,33044430,33020929,32927416,32573820,31209668,26608997,16992522,7896940,12311250,-2637492
155,-670663,34291425,34256160,34142940,33679765,31978194,26338047,13037646,2027686,-1085172,-5607822
156,-76316,34223867,34202806,34102530,33696781,32100121,25786994,7666469,-5033753,-4871652,12061844
157,-1462222,33576320,33551738,33459731,33103917,31576004,24578441,2407875,-7183158,-4038492,-14620690
158,1383568,33042906,33010286,32884737,32386056,30406564,22353969,-1301744,-3314234,-3985819,13389191
159,-6769512,30555556,30533210,30453141,30113768,28630802,21081584,-3558053,2093524,4574373,-9754340
160,7412976,29015820,28989433,28859374,28361114,26372264,18476455,-2810924,2220918,10606016,5205490
161,5519825,27264447,27215169,27031825,26332702,23727895,15605261,86677,-3311358,-1327312,-1050230
162,-2993599,24498906,24438295,24247096,23502605,20797306,13238304,3771105,-8436819,-12085578,-2033758
163,-4542098,20915302,20872557,20712787,20056556,17693980,11244442,6961688,-6426621,-621391,3661091
164,368999,17684547,17633913,17473856,16850214,14578402,8709097,8765637,3039605,8998914,-3945715
165,-2439161,14944850,14887354,14702192,14003908,11513004,5634420,8243236,13000944,-2500120,3148901
166,2094953,11989215,11943870,11758982,11060393,8582422,2779917,4864072,15420218,-4668893,-1931650
167,3501662,9160251,9107390,8938729,8268503,5887967,45501,-520357,8151230,8357143,1208316
168,6085566,7606648,7539381,7323727,6460425,3485863,-3323998,-6041389,-3668444,2734347,-2067850
169,680604,5362880,5302606,5091868,4279667,1427829,-5451926,-10966167,-11938528,-11425542,4589539
170,-7083746,2841962,2801451,2637523,2017567,-237650,-6480414,-13853505,-13236942,-5391169,-6925422
171,3270462,1773730,1729620,1558786,902710,-1449408,-7702788,-13454483,-9689538,8293726,6281785
172,-133263,549505,505196,368078,-179693,-2178852,-7714689,-10812834,-4042989,12178630,-1282838
173,5235779,867054,817663,642447,-31891,-2416409,-7939526,-6268866,2036853,-803957,-6281349
174,2142063,601269,553606,406863,-167136,-2190838,-6697334,-2061481,8918755,-19605590,12058034
175,3541230,1362428,1312279,1158572,551034,-1520992,-5511053,1366827,13928047,-5425500,-12517165
176,5368027,2069795,2027535,1889802,1353267,-452589,-3685544,2960026,12794700,21666086,7879650
177,-757043,2919736,2892140,2781371,2370630,963267,-1607408,2855685,3197383,6185756,-1735837
178,-8233170,3928842,3909209,3834063,3564805,2612006,558625,1581017,-10364789,-16406049,-1758005
179,-7839025,5069859,5055769,5024515,4886344,4371620,2697418,-117888,-18174212,-714911,925060
180,8032487,7311523,7301649,7245415,7010045,6185865,3886100,-1087864,-13394792,8251692,2577734
181,6606453,9060288,9042127,8986557,8765564,7961683,5413104,-1509559,1779054,-7725027,-5895799
182,2602523,10653608,10641543,10582956,10378035,9592801,6894047,-995236,15960848,-3485291,6918206
183,-6911558,11178248,11180103,11177571,11151408,10961925,9017036,54523,18179175,13380306,-4958871
184,390321,12154506,12151814,12155075,12154431,12063176,10405101,2092619,6001760,3486886,686621
185,284401,13002740,13002348,13000089,12995955,12878650,11406122,4507821,-11564063,-13322969,4567000
186,8244285,14671437,14663236,14592218,14335584,13418321,11147293,7193032,-21494097,-4333547,-9096886
187,5413156,15366816,15341311,15254009,14904570,13704266,11066096,8839967,-15364015,9848424,10999965
188,904175,15612732,15577769,15486368,15099818,13775888,10691937,9184037,3235290,5055168,-9485454
189,5654246,16366374,16330855,16184385,15628165,13703716,9292697,8293612,20998239,-8135263,5657522
190,-7831012,15910535,15870317,15743001,15279606,13534385,8502113,5315884,24759492,-9845026,-1803987
191,-4859211,16435706,16389488,16228069,15606498,13309239,6732567,1416559,10350989,9035895,-419355
192,-770258,16113357,16073644,15931950,15336161,13092097,5797269,-3532768,-11455156,20362917,1028343
193,-7465146,15190338,15156548,15055893,14657031,12950590,5756220,-8417972,-23849298,-7477638,-1528829
194,1625013,15332068,15301147,15182517,14721316,12843024,5349541,-11311033,-17642666,-29973011,2918218
195,-2464478,14972431,14943627,14835313,14415348,12728995,5911180,-11809680,1342290,-189432,-4819370
196,-5860317,13696710,13679800,13631000,13423096,12501737,7631379,-9477360,16142072,28649474,5932688
197,-3609712,12527897,12532179,12512337,12437689,12060340,9323184,-3996654,13691518,10353569,-5946467
198,-6442409,10453974,10466020,10511248,10701353,11272911,11468910,3239798,-2728243,-15723604,5814985
199,7867844,8985575,9007091,9062510,9272402,10077321,12372743,11361891,-17467201,-15302986,-6858218
200,-4094878,5955967,5987858,6120304,6611594,8410752,13477986,17680958,-15670379,1948616,8793097
201,2402382,3510288,3551796,3691358,4221511,6224411,12632948,21631471,1631049,12069829,-9268799
202,5393538,1719352,1749397,1824158,2149803,3544492,9638778,22281388,19830547,1854947,5849330
203,-5091476,-1714327,-1691695,-1594824,-1186499,420195,6503900,18402984,24105561,-4760550,1518804
204,-5688221,-4828016,-4799883,-4714017,-4371373,-3019052,1875602,11343842,11029994,3102809,-9438010
205,6451035,-7329375,-7323800,-7281461,-7160681,-6596626,-3976379,2352876,-8317714,-566164,13134696
206,-303298,-10027285,-10025296,-10030916,-10047587,-10086108,-9732811,-7382977,-18957512,-6634662,-10038485
207,5944577,-12105011,-12128331,-12193309,-12435347,-13304227,-15341622,-15909288,-14794745,2585834,1861822
208,21286,-14542866,-14553598,-14631177,-14918917,-16002989,-19393668,-22182174,-1561723,2116399,6981771
209,6939394,-15538065,-15584120,-15706158,-16201228,-17986465,-22839375,-24562924,8409391,-4210895,-12104110
210,-6092258,-16407831,-16454529,-16597845,-17138967,-19119784,-24308771,-23488079,7743401,7019409,11557773
211,3866845,-15733833,-15786665,-15979956,-16730694,-19353918,-24850509,-19059418,-1666551,6749616,-5983738
212,-4331793,-16178755,-16223388,-16353582,-16856391,-18619014,-22270398,-13686885,-9663881,-13641866,-2653241
213,-7879868,-16188046,-16210953,-16246090,-16404140,-17006764,-18154251,-8106915,-8362433,-5802229,11513892
214,551296,-14848058,-14838407,-14830139,-14787341,-14646813,-13708265,-2993968,1911400,14064704,-17082070
215,-2115520,-12659133,-12658240,-12617103,-12453085,-11796241,-9008734,963214,12833505,-2232380,16461084
216,-7313698,-11243744,-11207452,-11083999,-10582238,-8744835,-3344347,3294169,15130895,-10221512,-9728574
217,2958309,-8926559,-8874885,-8715202,-8107383,-5783330,1284155,5391131,5766298,14095683,838960
218,6522191,-7097707,-7035006,-6835562,-6057145,-3124146,5469647,7444071,-8355997,4504429,4514076
219,3097222,-5568704,-5504348,-5270558,-4364784,-987672,8618432,9981502,-17031808,-20432811,-3112680
220,-5244013,-4654268,-4567058,-4306615,-3282588,470075,10684801,12753209,-14321040,1480098,-2923001
221,8322524,-3467890,-3390573,-3149347,-2209720,1236129,10786950,15449786,-2889692,15476995,8891587
222,-1091274,-2370430,-2325040,-2133865,-1388558,1368096,9294739,16791366,9320832,-5402776,-11719744
223,4026326,-1387809,-1349130,-1234078,-770931,953633,6447183,15648738,15257954,-2696276,12433550
224,6744019,-695902,-681767,-636755,-462365,209776,2811429,11316215,13407260,4314057,-13599331
225,5785172,443966,416548,360306,123651,-644440,-1682312,4290447,6727743,-7759614,15378600
226,-6427264,24494,-1561,-70146,-346437,-1418499,-4756656,-5209321,-325741,2106523,-14851284
227,7197434,1162836,1127280,969262,368667,-1865931,-8417593,-14072175,-6535918,8522541,9856667
228,2839636,2451491,2390465,2169439,1322275,-1805732,-10929386,-20957500,-11011467,-11118002,-2231089
229,8094213,4361619,4271020,3989914,2893188,-1102595,-12285113,-24137027,-12742232,835478,-3472223
230,-1260310,6264783,6184946,5878850,4670627,298657,-11753629,-23207696,-9714725,17715512,4151858
231,3967859,7988241,7903036,7620519,6510962,2435176,-9128455,-18648607,-1779149,-13919114,-1155875
232,-1974728,10620815,10529602,10252488,9179504,5259940,-5528297,-11273412,7020089,-18271445,-1982326
233,-6838271,12693540,12638842,12429520,11623735,8608116,-72104,-3473207,11325606,21860580,3569509
234,-163324,15173563,15133648,14992508,14441890,12338861,5935842,3577013,8231198,11930610,-5073143
235,-7276230,17827576,17794434,17718456,17405460,16185990,12049033,8799967,982715,-19022144,8028548
236,-6885922,20365849,20360446,20335964,20241989,19821098,17861655,11882338,-4018350,-789796,-11510818
237,-1016925,21981503,22006525,22062080,22273725,22958991,23402932,13091538,-3103755,6759561,12475823
238,-4715668,23202475,23234608,23349922,23792349,25308665,27647878,13666537,844329,-10807672,-9695832
239,4986744,23859522,23912188,24057436,24621478,26607860,30230092,14538222,2024313,6926800,5499180
240,6582686,24207496,24262613,24390438,24895599,26724282,30620095,16363713,-2058953,17970801,-3723808
241,1868867,22787347,22828498,22977343,23558503,25615189,29913426,18342056,-7239097,-14647074,6004736
242,-5316877,21080066,21113088,21235598,21687050,23321349,26917446,20194585,-7705951,-17105654,-10339059
243,-43877,18303934,18343160,18435523,18796654,20031051,22558556,20229230,-1096512,14060082,13664600
244,-1727177,15443014,15446504,15478807,15611816,16003518,16502125,17560211,8196498,9149231,-14537199
245,-6732026,12053319,12040199,12012138,11918664,11483390,9729232,11283433,13765283,-7754494,13274816
246,-2174414,8072513,8058902,8001206,7754878,6744011,3003967,1732335,12503348,1161222,-10344113
247,-5576632,3867566,3835235,3753848,3428535,2075349,-3236441,-9443531,6016814,-26863,5247102
248,-4137685,171329,125603,5384,-482679,-2379720,-8991366,-19615460,-2466941,-7885842,1595130
249,1968663,-3768077,-3792176,-3930288,-4454612,-6440950,-13146276,-26606076,-10495500,4597024,-7609997
250,-2818133,-8199329,-8224621,-8313157,-8654477,-10010036,-15180141,-28629668,-16461598,7460038,9106828
251,-5163467,-12357035,-12365104,-12397105,-12517636,-13053929,-15755968,-24694491,-18039651,-2681421,-4786482
252,4783431,-14759869,-14775161,-14819179,-15012678,-15596185,-16287891,-15108478,-12755262,-825341,-2440412
253,7237286,-17668275,-17666142,-17675936,-17697448,-17607448,-15261907,-3139891,-268436,-5396748,7528854
254,-1301165,-19940376,-19945348,-19918878,-19802336,-19151604,-14057905,8548097,13822533,-6432350,-7728826
255,-8194024,-22521130,-22493957,-22394277,-21998284,-20323895,-12365447,16508692,21964804,14124475,4867385
256,6034854,-23634565,-23603762,-23488650,-23045691,-21138942,-12001956,19428768,19197697,8865261,-2718198
257,-6444641,-25210175,-25172095,-25001171,-24308400,-21627714,-11530672,15957749,8229276,-17149901,3126020
258,1448334,-24720520,-24681149,-24549847,-24022339,-21888426,-13084863,8315543,-4330519,-5005450,-4123187
259,7827253,-24375088,-24335422,-24218128,-23768602,-21911058,-14641697,-2000790,-11111218,11852297,2723904
260,-1767454,-24030543,-24003399,-23884651,-23441176,-21703762,-16010940,-11984594,-10458829,97801,1430767
261,-4186176,-23981320,-23936812,-23800056,-23242826,-21274432,-16630394,-19178603,-5970395,-2172092,-5078929
262,3618966,-22391116,-22356062,-22263892,-21897956,-20592924,-17698939,-21283711,-3159881,-763993,5178262
263,-5290351,-21828578,-21796262,-21674676,-21199055,-19613190,-16797425,-19291326,-3326363,-6821545,-1926795
264,655039,-20317722,-20295827,-20178806,-19752578,-18328708,-15529287,-13465625,-4348799,10145499,-1387825
265,4284378,-18160689,-18128592,-18052988,-17758110,-16716736,-13768956,-5772044,-1956040,11831082,2174575
266,-3638928,-17084791,-17065667,-16945051,-16473864,-14825797,-10256264,1065775,5257947,-22928452,-1068937
267,-7797458,-15724108,-15686112,-15532475,-14923301,-12745281,-6582475,6191155,12510908,-11210514,488037
268,-1492961,-13858754,-13805282,-13638766,-12998699,-10625318,-3362717,9044971,13139738,28769978,-792842
269,5068684,-11954315,-11907703,-11740248,-11075709,-8564915,-610194,9629300,4728919,4656303,-730498
270,6381430,-9669238,-9627278,-9486825,-8928059,-6720882,1017051,8888416,-7709905,-20589036,6189122
271,-4478159,-8980379,-8920068,-8731435,-7992670,-5225468,2992588,6927919,-14367795,4903111,-13250704
272,-6351274,-8664528,-8596989,-8357234,-7448826,-4158326,4231014,5052785,-10233419,2200672,16278640
273,-3324083,-8082271,-8014195,-7772410,-6841156,-3543589,4211782,3893128,641746,-11552052,-11479498
274,-7352870,-7692205,-7623285,-7400963,-6502551,-3406854,3486707,3118182,8810392,13588225,1762928
275,6742072,-7118509,-7055669,-6876427,-6164640,-3697036,1926447,2561076,8248763,10721904,5286250
276,7414775,-6846319,-6814620,-6672818,-6151900,-4296637,127826,1745106,2122163,-14995068,-4304571
277,5370234,-6618623,-6606393,-6522012,-6229413,-5127421,-1955789,729368,-2043451,-2616815,-2993892
278,-3957495,-7553220,-7522841,-7450160,-7148771,-6083346,-3234461,-792610,-775734,2049277,9829692
279,-7818595,-8422935,-8407441,-8339687,-8059168,-7077862,-4558526,-2070768,1164844,-8807990,-10413216
280,6983508,-8154099,-8147379,-8147754,-8128076,-7969628,-6718613,-2505920,-2178015,13198058,4843750
281,-5241283,-9215720,-9208302,-9178202,-9065109,-8676624,-7449430,-3286436,-8525181,19443851,1876827
282,7683766,-8693965,-8698954,-8722747,-8817064,-9111213,-9061285,-3401871,-9827213,-17663746,-4889437
283,1957007,-8146722,-8180639,-8236333,-8482407,-9252550,-10104751,-3803160,103671,-25402918,2896710
284,6487950,-7678637,-7697493,-7773658,-8071641,-9042210,-10398728,-4631020,15134374,9754207,1794212
285,-3255653,-7837153,-7842696,-7880189,-8000069,-8448742,-9404547,-5963657,20927732,21980655,-5519103
286,911934,-6701690,-6721124,-6765565,-6918503,-7477827,-8750121,-6609621,8357096,630841,6085809
287,1441686,-4694669,-4706255,-4787558,-5103593,-6151521,-8106822,-6345478,-14656421,-8830141,-3353462
288,1331327,-3503285,-3528921,-3574695,-3770314,-4472631,-6069516,-5671064,-28362610,-1766474,-1413208
289,-7306185,-1762283,-1775272,-1811654,-1960606,-2511951,-3954155,-4012282,-19800163,-6908973,6308303
290,3529422,402400,393435,354701,184544,-388279,-1750850,-1769560,5274923,-7881745,-9699433
291,-2410022,1557675,1565223,1576578,1656610,1843167,1530937,61999,26690649,15257450,10530119
292,-2538740,3314250,3322171,3362001,3524962,4006277,4316471,1873713,26777569,18576001,-8273193
293,3112076,5494319,5506265,5533668,5633191,5994078,6510414,3548924,6458018,-13250492,3033035
294,-2270729,6352008,6368368,6450202,6730870,7688485,9327672,4553546,-16640868,-19974103,4157795
295,-6262460,7295493,7323797,7414281,7775026,8994699,11343079,5768861,-25162400,7532359,-11463824
296,-2835513,7655423,7696052,7810353,8250123,9782569,12897427,7084517,-14975919,11059685,16829075
297,6473321,7935441,7975953,8083726,8521930,10069479,13401988,8664464,3210970,-5926558,-18802101
298,2949522,8055405,8079307,8169293,8528642,9812916,12839418,10129213,15376136,865906,17141475
299,5174900,8363509,8377444,8408299,8526460,9020714,10896985,11102151,15275880,9503246,-12877182
300,-5812409,7202402,7199741,7232141,7331206,7743307,9130273,10287865,7107540,-9363195,7738732
301,-2418698,5652021,5660052,5687580,5779015,6104894,6836918,7799536,-1920206,-12643339,-3696925
302,2459054,4125092,4138272,4143161,4197073,4291182,3989933,3837871,-7130320,12513614,2605058
303,-5829897,2596908,2587778,2583018,2570155,2402780,1003546,-1147512,-7749406,10408945,-4953288
304,5795468,2023657,2009775,1936604,1645852,580865,-2606509,-5865147,-4860678,-10396869,9001222
305,-2175052,642771,608382,529541,189408,-1073956,-5018018,-10074069,758975,-2548145,-11550366
306,-3312343,-274987,-306850,-425847,-865772,-2485726,-7064903,-12394176,5970442,3459883,9843272
307,4944948,-1399419,-1433779,-1547228,-2000531,-3618316,-8020795,-12680074,6718730,-7713052,-4212493
308,4236349,-2462876,-2484677,-2587837,-2976095,-4365977,-8070002,-10841859,753456,4976316,-1861415
309,-978520,-3596942,-3617588,-3674874,-3900561,-4758618,-7136599,-7444274,-8327676,15728585,4639672
310,-2615681,-3908717,-3923058,-3970426,-4153222,-4802229,-6153298,-2919497,-12836830,-7883040,-3253621
311,-3543397,-3667770,-3687945,-3736210,-3937880,-4565929,-5071965,1600174,-7313428,-18902927,530497
312,1072920,-3977417,-3981995,-3992344,-4018699,-4061434,-3218378,4704491,5528180,2187907,-507626
313,6413927,-2671740,-2679246,-2726352,-2896415,-3359222,-2644882,6673458,15535220,17408643,4572223
314,4793371,-2263737,-2273034,-2295679,-2378738,-2538626,-1400588,6245144,15415024,5993427,-10106883
315,-1033794,-1630720,-1637364,-1642895,-1671559,-1662028,-527076,4256020,5431150,-11991115,12420227
316,2755224,-911601,-902834,-897029,-880309,-761852,57025,1429971,-6609540,-8400208,-8228142
317,563542,540100,526719,502869,420361,165968,-100102,-1092255,-13153132,3250207,-1307870
318,4115436,2030391,2022644,1971897,1775335,1114403,-345255,-2898869,-11932426,3232557,11158816
319,-7013280,2681114,2681738,2652932,2552056,2111362,227127,-4080988,-5443216,7527267,-15673579
320,-5448507,3452075,3437836,3432423,3403104,3141657,933605,-4324866,2419301,3982379,12541896
321,3478800,5456850,5444545,5385955,5143821,4216559,891010,-3468472,8712831,-15782381,-4521667
322,-4046963,5855655,5839662,5821974,5743772,5301912,2566196,-3080039,11729310,-8465240,-2847900
323,-4294922,6458830,6463807,6464317,6473571,6332749,4293550,-2412125,8654037,16295590,5245721
324,4803839,7513973,7516159,7507226,7456760,7225470,5705837,-1128830,-431328,9986999,-2606727
325,-5553843,6989538,7001357,7054242,7261726,7912165,8259175,309819,-10454742,-8275842,-1600108
326,-6358157,6489132,6519637,6615874,7001009,8273605,10294663,2868641,-15029425,-10132249,3654048
327,6142033,6946946,6976300,7041919,7289969,8234521,10719601,6846446,-10708324,-3115406,-2476276
328,6070804,6888235,6896977,6936427,7083453,7752782,10548499,10966180,84966,8789831,-367600
329,-4400554,5101630,5122756,5206619,5541472,6791192,10638550,13649585,10572472,12218771,2147614
330,-4050132,3435865,3477462,3574040,3957927,5365896,9418134,14577336,14478054,-5735428,-827606
331,-6973763,1105301,1127903,1260489,1771083,3542682,7716406,12618280,10998963,-17988060,-3508684
332,-691003,-203604,-181826,-94054,237535,1403043,4310387,8439868,2868792,3750489,8644684
333,-44051,-1982174,-1954613,-1900781,-1686593,-956327,795942,2139327,-4864514,20797988,-11155032
334,-4521145,-4660341,-4649042,-4580120,-4307489,-3430816,-2107988,-5051283,-8401106,-5370884,8481155
335,5732180,-5991268,-5984379,-5979794,-5975630,-5923452,-6003581,-10470466,-7192177,-17965829,-1499319
336,7199566,-8116335,-8117551,-8128247,-8169282,-8294788,-8776018,-13647604,-2738096,9118442,-5242442
337,-3160382,-10246965,-10255511,-10268946,-10308868,-10455053,-10882964,-13603099,556107,5993780,6793329
338,4890679,-11307869,-11316710,-11376385,-11609355,-12327177,-13103192,-10254883,-563527,-10988583,-2024404
339,-6443979,-13494060,-13504413,-13522902,-13593500,-13804268,-13486975,-5848150,-3995077,12056197,-4884255
340,6889358,-14192691,-14206322,-14242720,-14375407,-14773454,-14224311,-1018705,-5004074,9697182,7990101
341,752506,-14570149,-14585653,-14622426,-14766749,-15172091,-14344832,2066369,790948,-25707373,-4810571
342,-5843961,-14821669,-14837103,-14850307,-14902356,-15020554,-13712756,2316486,11019357,-7723700,-1368855
343,81841,-14019575,-14025228,-14049392,-14139973,-14355311,-13201149,150702,17176874,26781318,4575883
344,-6154024,-13601942,-13602563,-13588233,-13529417,-13257365,-11647149,-4078003,12486384,7621929,-1647088
345,3047509,-12576063,-12564442,-12531226,-12381629,-11807947,-9970877,-8288790,-2213019,-18577606,-5014140
346,5541731,-11109605,-11089001,-11038361,-10844177,-10108405,-8137395,-10779730,-17286683,-8318967,9715304
347,7840505,-8887923,-8874505,-8843280,-8736102,-8264384,-6539306,-10115491,-22168615,11298069,-8310806
348,7763987,-6812773,-6812982,-6792377,-6726624,-6358280,-4598166,-6338686,-13577349,7356277,1539247
349,3380947,-4735855,-4724171,-4718730,-4679485,-4418602,-2641079,-196294,1676340,-10027913,6100145
350,-6027483,-3496386,-3478342,-3432401,-3219451,-2464520,-81642,6148089,13136836,-6077467,-9289023
351,-2390461,-966829,-976265,-950994,-858303,-502508,1174710,11404934,14303281,11658976,5525834
352,-616787,1598908,1601906,1598056,1559073,1465585,2110814,13218803,8145164,7537518,3675748
353,1177252,3580867,3571651,3569735,3557715,3459854,3339967,10552817,2461591,-10197474,-14001740
354,113063,5936353,5926955,5901741,5821482,5450368,4055806,4561880,1845139,-10828233,20402385
355,4649771,8557880,8545104,8488031,8244505,7364227,4457870,-2810372,3846452,4417314,-19647959
356,-4580476,9578693,9573204,9559050,9503896,9172814,6184093,-9708375,2061530,10303429,11965732
357,-6124175,11059183,11064779,11057673,11033861,10762794,7473752,-12863940,-7535455,1536832,-883596
358,2757528,13047106,13046693,12996079,12816280,12075681,8287643,-11041609,-19767176,-3987235,-8704188
359,4361193,13823571,13811541,13783041,13647897,13079796,9977285,-5275568,-23249457,-2852403,12834576
360,-2603723,13602845,13610371,13630781,13695260,13771261,12170762,2824768,-11064207,-2011543,-10775474
361,3709689,14274713,14273436,14272170,14245998,14097128,13073102,11561683,11378503,-790203,5228113
362,8194583,14901793,14888811,14839512,14672251,14099510,13213344,18074996,29329526,241168,-364575
363,-6883701,14430983,14409081,14369658,14229989,13759881,13342502,20157874,29458087,5490875,-1020848
364,-6158072,13465116,13467577,13446131,13368867,13106220,12855197,17573924,10992316,7566000,-761498
365,5860709,13295065,13275300,13221355,12989882,12217653,10750735,11639977,-12853577,-7360485,3031193
366,5112564,13355110,13320219,13201315,12736391,11159874,7725768,3809313,-25034901,-11216322,-3825473
367,6088096,12734374,12700904,12552499,11990547,9998768,4887386,-4242553,-18267994,6423460,3424120
368,4561251,11956243,11914426,11754425,11125692,8857272,2182557,-10437573,-375750,3553450,-3387432
369,-26485,11792513,11734454,11530251,10730006,7834650,-614125,-13392208,13100740,-5577038,4305510
370,1546459,11305369,11238364,11021016,10182464,7053081,-2358965,-13450891,12256900,10837101,-4848585
371,499846,11868229,11797139,11524907,10478678,6649567,-3913665,-10854866,-402463,4983761,3593909
372,2309811,11784588,11702599,11449036,10439479,6722716,-3644032,-7666031,-11844318,-21169670,-1316655
373,4609641,12557890,12476802,12214354,11174158,7373150,-2838421,-4461581,-11327548,277196,222968
374,5132750,14190213,14106852,13813619,12672685,8580611,-1591833,-2028792,1113648,21088970,-1351041
375,6454325,15872093,15784497,15486073,14349927,10321504,563262,-841500,14616580,-12671320,2814749
376,-3005962,17813634,17728793,17443991,16344518,12479970,3172577,-429640,16663978,-14143629,-1825585
377,2608719,19974002,19904661,19636723,18596869,14939006,6004667,-216270,4371748,25451437,-2076508
378,5315239,22502895,22428231,22171778,21160592,17601472,8714454,371820,-12786173,7465516,5632405
379,-5246660,24189551,24130114,23932045,23158208,20325042,12143207,1022221,-20499438,-28178132,-5153360
380,-5719669,25768547,25735270,25597643,25060606,22960131,15533468,1982555,-12238924,-4266638,431907
381,1588312,27895385,27866006,27748101,27279453,25403450,18172076,3362932,5518992,18020311,4772387
382,-8213303,29505670,29470300,29378993,29017137,27492448,20793359,4533729,18897115,2694704,-6381569
383,5705871,31363090,31339167,31227596,30795958,29095179,22520345,5848496,17510822,-3339807,3463961
384,-5211041,31613725,31603055,31533180,31264269,30112221,24700481,6711025,3609193,-1308342,1136953
385,5569449,31973436,31945332,31878505,31588747,30451608,25679057,8135901,-11904266,-4854485,-4294507
386,430712,31354505,31344993,31284307,31031324,30074731,26117648,9850780,-17764679,1315006,4914309
387,-4510332,29395604,29399258,29380804,29317585,28949559,26221654,11547152,-11510036,2626612,-3641926
388,-2768719,27731074,27729213,27694094,27587728,27106736,24540903,13425971,140325,-4405280,1059006
389,-733349,25874365,25849413,25786981,25525295,24574325,21540743,14440785,9093650,6060579,2588561
390,-5416296,22539285,22530304,22479200,22274582,21469315,18487929,13199171,11942820,8447965,-6517642
391,-999487,19044234,19023097,18973561,18764506,17903003,14574838,9783785,9905583,-13956614,8312123
392,-2123134,15647333,15624236,15542284,15227986,14007295,9902050,4511048,5792803,-9491717,-5885279
393,4712746,12050778,12020580,11914015,11484533,9911375,5151748,-1827197,736527,15915968,-56499
394,5183391,7943002,7918258,7808330,7393607,5837744,914619,-7879285,-5280447,6278693,5506330
395,-5897252,4211511,4174910,4055263,3592171,1883072,-3217443,-11849519,-11226179,-12120447,-5759751
396,-1554424,1086288,1043365,887077,283494,-1835327,-7156996,-12827233,-13879809,-1606580,-890872
397,-550562,-2525802,-2564142,-2702013,-3248930,-5171325,-9788915,-11378288,-10037614,7021439,11367688
398,-280169,-5639274,-5681068,-5807014,-6292780,-8003538,-11769783,-8111428,-510083,-1560411,-20030168
399,-5617323,-8865512,-8889909,-8966805,-9256876,-10310039,-12535469,-4791182,10313072,-4785343,22311433
400,1188815,-11094861,-11110274,-11160095,-11362748,-12068601,-13037200,-2282283,16349758,3260587,-17448204
401,-4268803,-13044924,-13061452,-13076790,-13135149,-13299230,-12752256,-1573166,14277246,5160597,8545021
402,3308094,-14178331,-14182074,-14180943,-14180068,-14071902,-12338019,-2208028,4801724,-4635012,-320420
403,2397138,-14922934,-14907085,-14896215,-14827798,-14430847,-11635216,-3451034,-7231280,-6168749,-3503688
404,4150364,-15209480,-15208871,-15179999,-15072750,-14484408,-10890628,-4138324,-15613502,5844600,1931717
405,2375832,-15390454,-15369427,-15325354,-15142418,-14278433,-10043827,-3579382,-15781262,7725322,3143616
406,6167983,-14865711,-14853713,-14810624,-14655730,-13870443,-9661030,-1446069,-7707756,-6032039,-7831907
407,-6245078,-15063003,-15037450,-14955917,-14599513,-13255689,-8606839,946311,4339360,-11578712,8795850
408,-1325761,-13799235,-13789092,-13720933,-13472393,-12497175,-8661001,3287153,13055074,5639863,-5064568
409,-8138342,-13336809,-13306392,-13214555,-12852425,-11562714,-7846765,3436083,14495726,16124294,-1073171
410,4158805,-12112171,-12098818,-12003684,-11652292,-10451987,-7359714,1528780,8915543,-5007714,5856601
411,-3153278,-10758070,-10728463,-10646505,-10305259,-9160871,-6637089,-2228961,1017683,-16622902,-6879729
412,2159412,-8968243,-8955969,-8888478,-8644558,-7795507,-5868907,-6360918,-4851478,4128742,4937071
413,775488,-7949953,-7920829,-7836529,-7509999,-6364961,-4168489,-9512813,-7391419,10400890,-3085574
414,534717,-6179929,-6160468,-6097639,-5863570,-4983392,-2907227,-9511280,-8794810,-2186432,3831538
415,-4734794,-5976084,-5933733,-5821925,-5347363,-3712238,-343712,-6726102,-9672675,-2219515,-6856432
416,7679534,-4018334,-3996333,-3924838,-3657515,-2615012,552513,-355239,-9096455,149059,9503680
417,5054920,-3259556,-3234558,-3153966,-2851504,-1683101,2061014,6661785,-3362248,-1382491,-9371095
418,-5432176,-3011809,-2993167,-2881752,-2461738,-954756,3467868,12410870,7303327,1736409,6580408
419,6899185,-1502227,-1478552,-1429513,-1224391,-400315,3142233,15734076,17214210,-1508133,-3382907
420,6167112,-199356,-203654,-199615,-174206,46099,2363952,14927226,19438017,-3983236,2328853
421,7404308,1134096,1114235,1071267,916042,481980,1022573,10248087,10703053,6640542,-4278788
422,15756,2492357,2478823,2393448,2061267,974058,-662111,2935533,-4376776,6880530,8305776
423,4709021,4246945,4200621,4062944,3515333,1625762,-2625894,-5004616,-16283691,-9223347,-12573089
424,3408019,6338885,6282574,6080609,5302674,2556968,-4452305,-11709474,-17758085,-8163011,15181643
425,4554193,8338026,8275237,8043574,7142566,3860431,-5327088,-16055467,-9101758,8247552,-14792572
426,2483215,10394910,10331368,10087231,9152228,5651093,-5042342,-17422719,2607790,3873629,11436387
427,2844602,13606141,13512203,13230033,12101089,7934365,-4283414,-15615174,9410546,-5002088,-7065937
428,5400800,16904828,16818827,16501523,15273035,10751941,-2124118,-11865741,8711191,6352911,4514564
429,-8234535,19297469,19210165,18948639,17918562,14027999,2195537,-7598250,3422013,52474,-5351041
430,6346006,22911192,22839600,22571982,21538934,17709559,6533788,-2683047,-2333443,-17361717,7935858
431,3082308,26708478,26632847,26374775,25347408,21626170,11344381,1952933,-5221797,6077858,-8672548
432,2457578,29923600,29860692,29633049,28771334,25610432,16739382,5844187,-4594908,22834835,4848704
433,-4411680,32987109,32937443,32753437,32026415,29395523,21806978,9232760,-1649337,-11212405,2435943
434,2435824,35826917,35785453,35628240,35014623,32798716,26129592,12129276,1917918,-21249339,-9255162
435,-580123,38133070,38097512,37970859,37473187,35623545,29572595,14323673,4168141,11884414,11830602
436,-3415033,39558979,39540100,39450099,39099993,37704005,32162948,15446197,3720597,15788080,-9759194
437,-7130754,40145394,40133863,40081446,39868454,38906607,33735201,15309614,1036937,-8266293,5835879
438,7647661,40672612,40659012,40596490,40334511,39211805,33579078,14259416,-1584462,-9526165,-3539542
439,1650530,40776477,40751556,40647362,40249443,38640436,32074339,12382994,-1693718,4859050,3966604
440,3126402,39855044,39816364,39689883,39181309,37208060,29852810,9878767,533919,2599733,-5369557
441,7566095,39248148,39197645,38980003,38130487,35064566,25967776,7808957,1805346,-5668154,4702786
442,-8383572,36037997,35982717,35798558,35073162,32319690,23179322,5163875,313955,4790448,-504513
443,-6837199,33243452,33187126,32977321,32184702,29155066,19277085,3172314,-3752398,9822817,-6071682
444,7969831,30891854,30819140,30561054,29530146,25752773,14614131,1531978,-6219112,-11440328,11972867
445,2913827,28036522,27954291,27662302,26527076,22349823,10399079,-542255,-3231313,-12414101,-14845385
446,7643549,25578337,25474592,25140991,23835282,19078696,6218729,-2849597,4239982,16156621,13979295
447,-4652247,22803778,22707656,22358016,20993176,16073488,2944993,-5559218,10921701,10176507,-10506957
448,1553600,19929153,19825220,19490636,18180605,13455265,689147,-8187866,10493673,-19966828,6181020
449,-6037905,16961243,16879114,16585918,15466827,11337223,-454771,-10162300,1204575,-4678339,-2760854
450,-4937363,15291520,15211878,14921055,13800680,9694627,-1541010,-10484356,-11853098,22185814,1668831
451,-3212656,13106984,13037589,12805701,11878634,8501629,-1071118,-9719792,-18440916,-333022,-3986136
452,3311744,11672313,11612112,11412206,10614100,7724125,-257875,-7378833,-12127631,-17579180,8720389
453,2417805,10166592,10126432,9973334,9390798,7257980,1352240,-4091097,4381557,1998006,-12604158
454,6816182,9744315,9699983,9548409,8972256,6984459,2486062,203578,18792055,2777525,11704423
455,2660024,8816900,8784587,8673982,8233792,6789324,4097893,4322158,19303759,-1968945,-4791562
456,-7658737,7424034,7412657,7362507,7174365,6576803,5854584,7677273,4210815,16352939,-4611958
457,-6540501,6179985,6180883,6180886,6196006,6265154,6989940,9909678,-15062176,2812246,10380291
458,3874137,5899815,5900980,5894366,5863127,5842911,6682138,10845766,-22635127,-27304907,-8446058
459,2339596,5396604,5388402,5382278,5350056,5302023,5950446,9667643,-11074748,-4436199,-103416
460,-7180604,3819758,3837003,3881423,4055866,4601054,5535423,6165476,11474186,24312082,10031642
461,7019171,4389781,4380554,4344218,4197488,3736169,2902683,2324445,26666342,4148767,-16082654
462,3481001,3467142,3450584,3409687,3261833,2760292,1294136,-2416577,22607288,-14643162,16328321
463,6783868,3049563,3036024,2965574,2702660,1764133,-734210,-6096070,926033,-674375,-12367041
464,-399985,2190644,2175883,2106880,1834163,833826,-2157971,-8243725,-22715982,7360369,7495835
465,-3974912,1772871,1738278,1656655,1303152,31934,-3519709,-8169837,-31639751,-2452426,-4332786
466,6457547,1788849,1764329,1640452,1170151,-500645,-4678709,-6228826,-19797870,-2890836,3673963
467,2335333,1926253,1885721,1744343,1223424,-666589,-5230039,-3512884,4455262,1573957,-4401884
468,-7731727,1802630,1758718,1639853,1199000,-450381,-4809330,-1392150,24988666,-4932214,4480207
469,5158911,3339975,3289367,3128841,2449450,119043,-5035898,-2243,28881320,3690037,-2929476
470,4574919,3950699,3906804,3755109,3172251,1092431,-3777919,-767634,15870672,16320773,573533
471,-2007077,4794226,4745988,4618657,4137751,2379698,-2062364,-2750205,-4632033,-9842878,548765
472,-3375761,5593545,5582918,5491832,5150012,3901183,202628,-4979218,-19816287,-24337774,646996
473,7911861,6959699,6939782,6877460,6601762,5598833,2358242,-5884584,-22279563,13096983,-2473960
474,7534274,9549536,9519186,9400998,8956036,7417164,3616115,-4236670,-13394674,24087349,1545251
475,4806634,12022561,11982660,11825164,11229649,9209421,4930476,-555181,69172,-11743600,3817553
476,-4508653,12844350,12817881,12713751,12322805,10947725,7433116,3644032,10973594,-19766548,-11315419
477,1811400,14668376,14631577,14530253,14102992,12599456,8803645,7978353,14538355,7504216,15719536
478,4261541,16190190,16161401,16061411,15663881,14185757,10063191,10342296,11165322,17933617,-13051156
479,-4145490,17887855,17849707,17735797,17308741,15671245,10867864,9938724,3882747,-4569654,4376538
480,6321096,19715468,19687181,19549959,19026224,17065920,11262110,6833360,-2849558,-19166265,4600618
481,-5540853,21038172,20993496,20864969,20345255,18369565,11869427,1823695,-5472704,7217998,-7996421
482,2395106,22770826,22718657,22558966,21918522,19540920,11948308,-2986078,-4207823,18338601,4111323
483,8314051,24693495,24650095,24432750,23598232,20584505,11713261,-5980527,-2239156,-15515693,3300466
484,4131068,25719900,25656167,25434315,24589099,21484573,12173326,-6570091,-2598573,-13531454,-8708935
485,7182239,26993920,26929986,26683112,25721735,22249227,12341165,-4120208,-5308880,24494804,8921642
486,522075,27335505,27268598,27050836,26159313,22902739,13250513,-24705,-6151127,8520195,-5028865
487,334622,27877123,27815214,27592221,26731069,23520950,13930969,4689293,-2105190,-28740051,871155
488,-999405,29051486,28972430,28716093,27738498,24115922,14013067,8490608,5369066,-7264260,187839
489,-1171728,30124320,30049226,29767409,28679649,24714428,14095591,9776921,11196139,26491976,2375340
490,3306827,30736430,30651536,30379996,29291439,25344384,14502194,7966847,11262819,8413104,-6707229
491,3891940,31432223,31348712,31071359,29991469,26030067,14739857,3908218,5863256,-18663999,9483521
492,5283104,33003603,32919528,32588368,31309574,26700464,14195428,-663757,-1391256,-8515982,-8099899
493,988984,33208873,33115850,32812520,31633336,27334604,14825232,-5000832,-6764196,6753010,1806602
494,907632,33677752,33600097,33308247,32143885,27906593,15237774,-6922441,-10143015,6347535,7370242
495,6613115,34250603,34179704,33877727,32713850,28435930,15617819,-5863479,-11683994,5109181,-15282741
496,7457853,35369158,35269774,34932988,33646544,28937836,15591798,-2019074,-10008050,-3118135,17632367
497,5491272,36646716,36541967,36166643,34694797,29425202,15460169,3145156,-2928931,-11381002,-13003826
498,5147757,37209704,37096054,36726510,35253351,29967711,15979031,7482324,8643219,434039,3839161
499,3549306,38069147,37958539,37573547,36075367,30640854,16232460,9851770,18172754,9056765,4910728
500,-1732253,39536084,39411420,38984536,37351856,31444470,16037420,9395666,18055374,504239,-9318336
501,-5581046,39881077,39769188,39381889,37881867,32379789,16907512,5438279,7029185,-2260393,8622523
502,6448187,41235385,41127794,40734267,39183573,33497465,17126273,11145,-8313265,697812,-5140637
503,1679597,42692869,42570913,42168842,40582671,34747591,17555652,-5503694,-16984381,-1594092,1350009
504,4022726,44451423,44333203,43898925,42210702,36033173,18047401,-9119212,-13683671,-2756686,1283759
505,-937385,44907866,44802621,44412930,42893945,37276746,19949627,-10118024,-2552115,-1812678,-2797139
506,-4963167,44894318,44805401,44479676,43206155,38397228,22456215,-7641843,6031823,2878348,3371843
507,3388825,45369664,45285246,44981501,43798195,39313421,24544966,-1834379,5250639,8570150,-3021720
508,-6740428,45347598,45270308,44998859,43935187,39904455,26787467,5449396,-1995968,-198824,1670751
509,2574216,45115740,45047998,44795168,43801449,40084111,28621829,12537628,-6782755,-11795036,-139367
510,-2564444,43758180,43695034,43501054,42723461,39792424,30458033,17435261,-2368779,-1734018,-789965
511,-472963,42729003,42677786,42483732,41725205,38938108,30759327,19776003,8235833,8731546,791774
