sample,input,lowpass,64_125,125_250,250_500,500_1k,1k_2k,2k_4k,4k_8k,8k_16k,highpass
0,0,-8184320,-8204544,-8275712,8223744,7198976,4170496,312320,-3328,768,-768
1,4096,-8301312,-8320256,-8387840,8125440,7150080,4238592,327936,1792,5888,-512
2,8192,8320512,8302592,8239104,7990528,7071488,4306944,391168,11008,-14336,-9472
3,12288,8121128,8104488,8045094,7812893,6954497,4361693,520466,-9225,-53500,4096
4,16384,7874431,7859069,7803766,7587932,6790665,4384917,719927,-97556,771,4096
5,20480,7578897,7564814,7513344,7312843,6573599,4356893,970863,-237085,54780,-22526
6,24576,7235319,7222000,7174105,6986877,6298961,4259436,1228977,-320291,28407,14081
7,28672,6845775,6833220,6788127,6611855,5966002,4078456,1431524,-208686,63982,14335
8,32768,6414910,6402863,6359800,6191653,5577055,3807042,1512665,130751,-66823,-52218
9,36864,5948912,5937115,5895310,5732456,5138303,3447254,1422927,536255,-315607,39680
10,40960,5454996,5443446,5402385,5242247,4658751,3010387,1147139,727573,53797,39673
11,45056,4942168,4930610,4889775,4730547,4150483,2516460,713154,519667,522220,-168179
12,49152,4419691,4408124,4367256,4207901,3627380,1992163,188293,-4061,-1843,260861
13,53248,3897596,3886018,3845115,3685622,3104601,1468043,-336765,-527898,-525941,-263187
14,57344,3385906,3374317,3333632,3175017,2597307,974652,-771279,-736163,-57399,165918
15,61440,2893871,2882528,2842572,2686622,2119369,538700,-1047754,-545464,312313,-41995
16,65536,2430480,2419381,2380666,2229938,1682860,180230,-1138103,-140679,63425,-42036
17,69632,2002919,1992321,1955614,1812922,1296768,-89438,-1057278,198261,-67904,50030
18,73728,1617341,1607500,1573569,1441731,967252,-268227,-854596,309872,-32322,-16787
19,77824,1278355,1269271,1238885,1120203,696615,-363047,-595851,227179,-58180,-16277
20,81920,988000,980184,953598,850120,484076,-388010,-343850,88370,-4111,20167
21,86016,747023,740476,717945,630693,325253,-361346,-143037,574,49852,-6418
22,90112,553862,548583,530106,459074,213707,-302843,-12280,-19523,10619,-6379
23,94208,405155,400888,386463,330618,140941,-230508,52350,-10510,-9542,7138
24,98304,295228,292228,281340,239137,98196,-158252,69166,-5703,-4395,-1808
25,102400,217637,215391,207525,177158,76712,-94605,59874,-9263,-7669,-1539
26,106496,163887,162394,157034,136440,69007,-42450,41377,-11918,-1268,2535
27,110592,124970,124228,121114,108998,69399,721,22173,-8599,4823,-21
28,114688,91367,91120,90248,86849,74512,40255,4123,-140,-55,-17
29,118784,99644,99379,98441,94784,81495,44394,4443,-138,-49,-26
30,122880,108036,107751,106743,102815,88525,48467,4748,-142,-48,-26
31,126976,116510,116205,115125,110914,95583,52482,5063,-142,-44,-27
32,131072,125045,124718,123563,119059,102654,56450,5397,-139,-46,-32
33,135168,133625,133276,132044,127239,109732,60380,5750,-140,-55,-34
34,139264,142246,141875,140563,135448,116811,64275,6121,-149,-58,-36
35,143360,150867,150473,149082,143657,123891,68171,6492,-158,-62,-39
36,147456,159488,159072,157601,151866,130970,72066,6863,-167,-65,-41
37,151552,168109,167670,166120,160075,138050,75962,7234,-176,-69,-43
38,155648,176730,176269,174639,168284,145129,79857,7605,-185,-72,-45
39,159744,185351,184867,183158,176493,152209,83753,7976,-194,-76,-48
40,163840,193972,193466,191677,184702,159288,87648,8347,-203,-79,-50
41,167936,202593,202064,200196,192911,166368,91544,8718,-212,-83,-52
42,172032,211214,210663,208715,201120,173447,95439,9089,-221,-86,-54
43,176128,219835,219261,217234,209329,180527,99335,9460,-230,-90,-57
44,180224,228456,227860,225753,217538,187606,103230,9831,-239,-93,-59
45,184320,237077,236458,234272,225747,194686,107126,10202,-248,-97,-61
46,188416,245698,245057,242791,233956,201765,111021,10573,-257,-100,-63
47,192512,254319,253655,251310,242165,208845,114917,10944,-266,-104,-66
48,196608,262940,262254,259829,250374,215924,118812,11315,-275,-107,-68
49,200704,271561,270852,268348,258583,223004,122708,11686,-284,-111,-70
50,204800,280182,279451,276867,266792,230083,126603,12057,-293,-114,-72
51,208896,288803,288049,285386,275001,237163,130499,12428,-302,-118,-75
52,212992,297424,296648,293905,283210,244242,134394,12799,-311,-121,-77
53,217088,306045,305246,302424,291419,251322,138290,13170,-320,-125,-79
54,221184,314666,313845,310943,299628,258401,142185,13541,-329,-128,-81
55,225280,323287,322443,319462,307837,265481,146081,13912,-338,-132,-84
56,229376,331908,331042,327981,316046,272560,149976,14283,-347,-135,-86
57,233472,340529,339640,336500,324255,279640,153872,14654,-356,-139,-88
58,237568,349150,348239,345019,332464,286719,157767,15025,-365,-142,-90
59,241664,357771,356837,353538,340673,293799,161663,15396,-374,-146,-93
60,245760,366392,365436,362057,348882,300878,165558,15767,-383,-149,-95
61,249856,375013,374034,370576,357091,307958,169454,16138,-392,-153,-97
62,253952,383634,382633,379095,365300,315037,173349,16509,-401,-156,-99
63,258048,392255,391231,387614,373509,322117,177245,16880,-410,-160,-102
64,262144,400876,399830,396133,381718,329196,181140,17251,-419,-163,-104
65,266240,409497,408428,404652,389927,336276,185036,17622,-428,-167,-106
66,270336,418118,417027,413171,398136,343355,188931,17993,-437,-170,-108
67,274432,426739,425625,421690,406345,350435,192827,18364,-446,-174,-111
68,278528,435360,434224,430209,414554,357514,196722,18735,-455,-177,-113
69,282624,443981,442822,438728,422763,364594,200618,19106,-464,-181,-115
70,286720,452602,451421,447247,430972,371673,204513,19477,-473,-184,-117
71,290816,461223,460019,455766,439181,378753,208409,19848,-482,-188,-120
72,294912,469844,468618,464285,447390,385832,212304,20219,-491,-191,-122
73,299008,478465,477216,472804,455599,392912,216200,20590,-500,-195,-124
74,303104,487086,485815,481323,463808,399991,220095,20961,-509,-198,-126
75,307200,495707,494413,489842,472017,407071,223991,21332,-518,-202,-129
76,311296,504328,503012,498361,480226,414150,227886,21703,-527,-205,-131
77,315392,512949,511610,506880,488435,421230,231782,22074,-536,-209,-133
78,319488,521570,520209,515399,496644,428309,235677,22445,-545,-212,-135
79,323584,530191,528807,523918,504853,435389,239573,22816,-554,-216,-138
80,327680,538812,537406,532437,513062,442468,243468,23187,-563,-219,-140
81,331776,547433,546004,540956,521271,449548,247364,23558,-572,-223,-142
82,335872,556054,554603,549475,529480,456627,251259,23929,-581,-226,-144
83,339968,564675,563201,557994,537689,463707,255155,24300,-590,-230,-147
84,344064,573296,571800,566513,545898,470786,259050,24671,-599,-233,-149
85,348160,581917,580398,575032,554107,477866,262946,25042,-608,-237,-151
86,352256,590538,588997,583551,562316,484945,266841,25413,-617,-240,-153
87,356352,599159,597595,592070,570525,492025,270737,25784,-626,-244,-156
88,360448,607780,606194,600589,578734,499104,274632,26155,-635,-247,-158
89,364544,616401,614792,609108,586943,506184,278528,26526,-644,-251,-160
90,368640,625022,623391,617627,595152,513263,282423,26897,-653,-254,-162
91,372736,633643,631989,626146,603361,520343,286319,27268,-662,-258,-165
92,376832,642264,640588,634665,611570,527422,290214,27639,-671,-261,-167
93,380928,650885,649186,643184,619779,534502,294110,28010,-680,-265,-169
94,385024,659506,657785,651703,627988,541581,298005,28381,-689,-268,-171
95,389120,668127,666383,660222,636197,548661,301901,28752,-698,-272,-174
96,393216,676748,674982,668741,644406,555740,305796,29123,-707,-275,-176
97,397312,685369,683580,677260,652615,562820,309692,29494,-716,-279,-178
98,401408,693990,692179,685779,660824,569899,313587,29865,-725,-282,-180
99,405504,702611,700777,694298,669033,576979,317483,30236,-734,-286,-183
100,409600,711232,709376,702817,677242,584058,321378,30607,-743,-289,-185
101,413696,719853,717974,711336,685451,591138,325274,30978,-752,-293,-187
102,417792,728474,726573,719855,693660,598217,329169,31349,-761,-296,-189
103,421888,737095,735171,728374,701869,605297,333065,31720,-770,-300,-192
104,425984,745716,743770,736893,710078,612376,336960,32091,-779,-303,-194
105,430080,754337,752368,745412,718287,619456,340856,32462,-788,-307,-196
106,434176,762958,760967,753931,726496,626535,344751,32833,-797,-310,-198
107,438272,771579,769565,762450,734705,633615,348647,33204,-806,-314,-201
108,442368,780200,778164,770969,742914,640694,352542,33575,-815,-317,-203
109,446464,788821,786762,779488,751123,647774,356438,33946,-824,-321,-205
110,450560,797442,795361,788007,759332,654853,360333,34317,-833,-324,-207
111,454656,806063,803959,796526,767541,661933,364229,34688,-842,-328,-210
112,458752,814684,812558,805045,775750,669012,368124,35059,-851,-331,-212
113,462848,823305,821156,813564,783959,676092,372020,35430,-860,-335,-214
114,466944,831926,829755,822083,792168,683171,375915,35801,-869,-338,-216
115,471040,840547,838353,830602,800377,690251,379811,36172,-878,-342,-219
116,475136,849168,846952,839121,808586,697330,383706,36543,-887,-345,-221
117,479232,857789,855550,847640,816795,704410,387602,36914,-896,-349,-223
118,483328,866410,864149,856159,825004,711489,391497,37285,-905,-352,-225
119,487424,875031,872747,864678,833213,718569,395393,37656,-914,-356,-228
120,491520,883652,881346,873197,841422,725648,399288,38027,-923,-359,-230
121,495616,892273,889944,881716,849631,732728,403184,38398,-932,-363,-232
122,499712,900894,898543,890235,857840,739807,407079,38769,-941,-366,-234
123,503808,909515,907141,898754,866049,746887,410975,39140,-950,-370,-237
124,507904,918136,915740,907273,874258,753966,414870,39511,-959,-373,-239
125,512000,926757,924338,915792,882467,761046,418766,39882,-968,-377,-241
126,516096,935378,932937,924311,890676,768125,422661,40253,-977,-380,-243
127,520192,943999,941535,932830,898885,775205,426557,40624,-986,-384,-246
128,524288,952620,950134,941349,907094,782284,430452,40995,-995,-387,-248
129,528384,961241,958732,949868,915303,789364,434348,41366,-1004,-391,-250
130,532480,969862,967331,958387,923512,796443,438243,41737,-1013,-394,-252
131,536576,978483,975929,966906,931721,803523,442139,42108,-1022,-398,-255
132,540672,987104,984528,975425,939930,810602,446034,42479,-1031,-401,-257
133,544768,995725,993126,983944,948139,817682,449930,42850,-1040,-405,-259
134,548864,1004346,1001725,992463,956348,824761,453825,43221,-1049,-408,-261
135,552960,1012967,1010323,1000982,964557,831841,457721,43592,-1058,-412,-264
136,557056,1021588,1018922,1009501,972766,838920,461616,43963,-1067,-415,-266
137,561152,1030209,1027520,1018020,980975,846000,465512,44334,-1076,-419,-268
138,565248,1038830,1036119,1026539,989184,853079,469407,44705,-1085,-422,-270
139,569344,1047451,1044717,1035058,997393,860159,473303,45076,-1094,-426,-273
140,573440,1056072,1053316,1043577,1005602,867238,477198,45447,-1103,-429,-275
141,577536,1064693,1061914,1052096,1013811,874318,481094,45818,-1112,-433,-277
142,581632,1073314,1070513,1060615,1022020,881397,484989,46189,-1121,-436,-279
143,585728,1081935,1079111,1069134,1030229,888477,488885,46560,-1130,-440,-282
144,589824,1090556,1087710,1077653,1038438,895556,492780,46931,-1139,-443,-284
145,593920,1099177,1096308,1086172,1046647,902636,496676,47302,-1148,-447,-286
146,598016,1107798,1104907,1094691,1054856,909715,500571,47673,-1157,-450,-288
147,602112,1116419,1113505,1103210,1063065,916795,504467,48044,-1166,-454,-291
148,606208,1125040,1122104,1111729,1071274,923874,508362,48415,-1175,-457,-293
149,610304,1133661,1130702,1120248,1079483,930954,512258,48786,-1184,-461,-295
150,614400,1142282,1139301,1128767,1087692,938033,516153,49157,-1193,-464,-297
151,618496,1150903,1147899,1137286,1095901,945113,520049,49528,-1202,-468,-300
152,622592,1159524,1156498,1145805,1104110,952192,523944,49899,-1211,-471,-302
153,626688,1168145,1165096,1154324,1112319,959272,527840,50270,-1220,-475,-304
154,630784,1176766,1173695,1162843,1120528,966351,531735,50641,-1229,-478,-306
155,634880,1185387,1182293,1171362,1128737,973431,535631,51012,-1238,-482,-309
156,638976,1194008,1190892,1179881,1136946,980510,539526,51383,-1247,-485,-311
157,643072,1202629,1199490,1188400,1145155,987590,543422,51754,-1256,-489,-313
158,647168,1211250,1208089,1196919,1153364,994669,547317,52125,-1265,-492,-315
159,651264,1219871,1216687,1205438,1161573,1001749,551213,52496,-1274,-496,-318
160,655360,1228492,1225286,1213957,1169782,1008828,555108,52867,-1283,-499,-320
161,659456,1237113,1233884,1222476,1177991,1015908,559004,53238,-1292,-503,-322
162,663552,1245734,1242483,1230995,1186200,1022987,562899,53609,-1301,-506,-324
163,667648,1254355,1251081,1239514,1194409,1030067,566795,53980,-1310,-510,-327
164,671744,1262976,1259680,1248033,1202618,1037146,570690,54351,-1319,-513,-329
165,675840,1271597,1268278,1256552,1210827,1044226,574586,54722,-1328,-517,-331
166,679936,1280218,1276877,1265071,1219036,1051305,578481,55093,-1337,-520,-333
167,684032,1288839,1285475,1273590,1227245,1058385,582377,55464,-1346,-524,-336
168,688128,1297460,1294074,1282109,1235454,1065464,586272,55835,-1355,-527,-338
169,692224,1306081,1302672,1290628,1243663,1072544,590168,56206,-1364,-531,-340
170,696320,1314702,1311271,1299147,1251872,1079623,594063,56577,-1373,-534,-342
171,700416,1323323,1319869,1307666,1260081,1086703,597959,56948,-1382,-538,-345
172,704512,1331944,1328468,1316185,1268290,1093782,601854,57319,-1391,-541,-347
173,708608,1340565,1337066,1324704,1276499,1100862,605750,57690,-1400,-545,-349
174,712704,1349186,1345665,1333223,1284708,1107941,609645,58061,-1409,-548,-351
175,716800,1357807,1354263,1341742,1292917,1115021,613541,58432,-1418,-552,-354
176,720896,1366428,1362862,1350261,1301126,1122100,617436,58803,-1427,-555,-356
177,724992,1375049,1371460,1358780,1309335,1129180,621332,59174,-1436,-559,-358
178,729088,1383670,1380059,1367299,1317544,1136259,625227,59545,-1445,-562,-360
179,733184,1392291,1388657,1375818,1325753,1143339,629123,59916,-1454,-566,-363
180,737280,1400912,1397256,1384337,1333962,1150418,633018,60287,-1463,-569,-365
181,741376,1409533,1405854,1392856,1342171,1157498,636914,60658,-1472,-573,-367
182,745472,1418154,1414453,1401375,1350380,1164577,640809,61029,-1481,-576,-369
183,749568,1426775,1423051,1409894,1358589,1171657,644705,61400,-1490,-580,-372
184,753664,1435396,1431650,1418413,1366798,1178736,648600,61771,-1499,-583,-374
185,757760,1444017,1440248,1426932,1375007,1185816,652496,62142,-1508,-587,-376
186,761856,1452638,1448847,1435451,1383216,1192895,656391,62513,-1517,-590,-378
187,765952,1461259,1457445,1443970,1391425,1199975,660287,62884,-1526,-594,-381
188,770048,1469880,1466044,1452489,1399634,1207054,664182,63255,-1535,-597,-383
189,774144,1478501,1474642,1461008,1407843,1214134,668078,63626,-1544,-601,-385
190,778240,1487122,1483241,1469527,1416052,1221213,671973,63997,-1553,-604,-387
191,782336,1495743,1491839,1478046,1424261,1228293,675869,64368,-1562,-608,-390
192,786432,1504364,1500438,1486565,1432470,1235372,679764,64739,-1571,-611,-392
193,790528,1512985,1509036,1495084,1440679,1242452,683660,65110,-1580,-615,-394
194,794624,1521606,1517635,1503603,1448888,1249531,687555,65481,-1589,-618,-396
195,798720,1530227,1526233,1512122,1457097,1256611,691451,65852,-1598,-622,-399
196,802816,1538848,1534832,1520641,1465306,1263690,695346,66223,-1607,-625,-401
197,806912,1547469,1543430,1529160,1473515,1270770,699242,66594,-1616,-629,-403
198,811008,1556090,1552029,1537679,1481724,1277849,703137,66965,-1625,-632,-405
199,815104,1564711,1560627,1546198,1489933,1284929,707033,67336,-1634,-636,-408
200,819200,1573332,1569226,1554717,1498142,1292008,710928,67707,-1643,-639,-410
201,823296,1581953,1577824,1563236,1506351,1299088,714824,68078,-1652,-643,-412
202,827392,1590574,1586423,1571755,1514560,1306167,718719,68449,-1661,-646,-414
203,831488,1599195,1595021,1580274,1522769,1313247,722615,68820,-1670,-650,-417
204,835584,1607816,1603620,1588793,1530978,1320326,726510,69191,-1679,-653,-419
205,839680,1616437,1612218,1597312,1539187,1327406,730406,69562,-1688,-657,-421
206,843776,1625058,1620817,1605831,1547396,1334485,734301,69933,-1697,-660,-423
207,847872,1633679,1629415,1614350,1555605,1341565,738197,70304,-1706,-664,-426
208,851968,1642300,1638014,1622869,1563814,1348644,742092,70675,-1715,-667,-428
209,856064,1650921,1646612,1631388,1572023,1355724,745988,71046,-1724,-671,-430
210,860160,1659542,1655211,1639907,1580232,1362803,749883,71417,-1733,-674,-432
211,864256,1668163,1663809,1648426,1588441,1369883,753779,71788,-1742,-678,-435
212,868352,1676784,1672408,1656945,1596650,1376962,757674,72159,-1751,-681,-437
213,872448,1685405,1681006,1665464,1604859,1384042,761570,72530,-1760,-685,-439
214,876544,1694026,1689605,1673983,1613068,1391121,765465,72901,-1769,-688,-441
215,880640,1702647,1698203,1682502,1621277,1398201,769361,73272,-1778,-692,-444
216,884736,1711268,1706802,1691021,1629486,1405280,773256,73643,-1787,-695,-446
217,888832,1719889,1715400,1699540,1637695,1412360,777152,74014,-1796,-699,-448
218,892928,1728510,1723999,1708059,1645904,1419439,781047,74385,-1805,-702,-450
219,897024,1737131,1732597,1716578,1654113,1426519,784943,74756,-1814,-706,-453
220,901120,1745752,1741196,1725097,1662322,1433598,788838,75127,-1823,-709,-455
221,905216,1754373,1749794,1733616,1670531,1440678,792734,75498,-1832,-713,-457
222,909312,1762994,1758393,1742135,1678740,1447757,796629,75869,-1841,-716,-459
223,913408,1771615,1766991,1750654,1686949,1454837,800525,76240,-1850,-720,-462
224,917504,1780236,1775590,1759173,1695158,1461916,804420,76611,-1859,-723,-464
225,921600,1788857,1784188,1767692,1703367,1468996,808316,76982,-1868,-727,-466
226,925696,1797478,1792787,1776211,1711576,1476075,812211,77353,-1877,-730,-468
227,929792,1806099,1801385,1784730,1719785,1483155,816107,77724,-1886,-734,-471
228,933888,1814720,1809984,1793249,1727994,1490234,820002,78095,-1895,-737,-473
229,937984,1823341,1818582,1801768,1736203,1497314,823898,78466,-1904,-741,-475
230,942080,1831962,1827181,1810287,1744412,1504393,827793,78837,-1913,-744,-477
231,946176,1840583,1835779,1818806,1752621,1511473,831689,79208,-1922,-748,-480
232,950272,1849204,1844378,1827325,1760830,1518552,835584,79579,-1931,-751,-482
233,954368,1857825,1852976,1835844,1769039,1525632,839480,79950,-1940,-755,-484
234,958464,1866446,1861575,1844363,1777248,1532711,843375,80321,-1949,-758,-486
235,962560,1875067,1870173,1852882,1785457,1539791,847271,80692,-1958,-762,-489
236,966656,1883688,1878772,1861401,1793666,1546870,851166,81063,-1967,-765,-491
237,970752,1892309,1887370,1869920,1801875,1553950,855062,81434,-1976,-769,-493
238,974848,1900930,1895969,1878439,1810084,1561029,858957,81805,-1985,-772,-495
239,978944,1909551,1904567,1886958,1818293,1568109,862853,82176,-1994,-776,-498
240,983040,1918172,1913166,1895477,1826502,1575188,866748,82547,-2003,-779,-500
241,987136,1926793,1921764,1903996,1834711,1582268,870644,82918,-2012,-783,-502
242,991232,1935414,1930363,1912515,1842920,1589347,874539,83289,-2021,-786,-504
243,995328,1944035,1938961,1921034,1851129,1596427,878435,83660,-2030,-790,-507
244,999424,1952656,1947560,1929553,1859338,1603506,882330,84031,-2039,-793,-509
245,1003520,1961277,1956158,1938072,1867547,1610586,886226,84402,-2048,-797,-511
246,1007616,1969898,1964757,1946591,1875756,1617665,890121,84773,-2057,-800,-513
247,1011712,1978519,1973355,1955110,1883965,1624745,894017,85144,-2066,-804,-516
248,1015808,1987140,1981954,1963629,1892174,1631824,897912,85515,-2075,-807,-518
249,1019904,1995761,1990552,1972148,1900383,1638904,901808,85886,-2084,-811,-520
250,1024000,2004382,1999151,1980667,1908592,1645983,905703,86257,-2093,-814,-522
251,1028096,2013003,2007749,1989186,1916801,1653063,909599,86628,-2102,-818,-525
252,1032192,2021624,2016348,1997705,1925010,1660142,913494,86999,-2111,-821,-527
253,1036288,2030245,2024946,2006224,1933219,1667222,917390,87370,-2120,-825,-529
254,1040384,2038866,2033545,2014743,1941428,1674301,921285,87741,-2129,-828,-531
255,1044480,2047487,2042143,2023262,1949637,1681381,925181,88112,-2138,-832,-534
256,1048576,2056108,2050742,2031781,1957846,1688460,929076,88483,-2147,-835,-536
257,1052672,2064729,2059340,2040300,1966055,1695540,932972,88854,-2156,-839,-538
258,1056768,2073350,2067939,2048819,1974264,1702619,936867,89225,-2165,-842,-540
259,1060864,2081971,2076537,2057338,1982473,1709699,940763,89596,-2174,-846,-543
260,1064960,2090592,2085136,2065857,1990682,1716778,944658,89967,-2183,-849,-545
261,1069056,2099213,2093734,2074376,1998891,1723858,948554,90338,-2192,-853,-547
262,1073152,2107834,2102333,2082895,2007100,1730937,952449,90709,-2201,-856,-549
263,1077248,2116455,2110931,2091414,2015309,1738017,956345,91080,-2210,-860,-552
264,1081344,2125076,2119530,2099933,2023518,1745096,960240,91451,-2219,-863,-554
265,1085440,2133697,2128128,2108452,2031727,1752176,964136,91822,-2228,-867,-556
266,1089536,2142318,2136727,2116971,2039936,1759255,968031,92193,-2237,-870,-558
267,1093632,2150939,2145325,2125490,2048145,1766335,971927,92564,-2246,-874,-561
268,1097728,2159560,2153924,2134009,2056354,1773414,975822,92935,-2255,-877,-563
269,1101824,2168181,2162522,2142528,2064563,1780494,979718,93306,-2264,-881,-565
270,1105920,2176802,2171121,2151047,2072772,1787573,983613,93677,-2273,-884,-567
271,1110016,2185423,2179719,2159566,2080981,1794653,987509,94048,-2282,-888,-570
272,1114112,2194044,2188318,2168085,2089190,1801732,991404,94419,-2291,-891,-572
273,1118208,2202665,2196916,2176604,2097399,1808812,995300,94790,-2300,-895,-574
274,1122304,2211286,2205515,2185123,2105608,1815891,999195,95161,-2309,-898,-576
275,1126400,2219907,2214113,2193642,2113817,1822971,1003091,95532,-2318,-902,-579
276,1130496,2228528,2222712,2202161,2122026,1830050,1006986,95903,-2327,-905,-581
277,1134592,2237149,2231310,2210680,2130235,1837130,1010882,96274,-2336,-909,-583
278,1138688,2245770,2239909,2219199,2138444,1844209,1014777,96645,-2345,-912,-585
279,1142784,2254391,2248507,2227718,2146653,1851289,1018673,97016,-2354,-916,-588
280,1146880,2263012,2257106,2236237,2154862,1858368,1022568,97387,-2363,-919,-590
281,1150976,2271633,2265704,2244756,2163071,1865448,1026464,97758,-2372,-923,-592
282,1155072,2280254,2274303,2253275,2171280,1872527,1030359,98129,-2381,-926,-594
283,1159168,2288875,2282901,2261794,2179489,1879607,1034255,98500,-2390,-930,-597
284,1163264,2297496,2291500,2270313,2187698,1886686,1038150,98871,-2399,-933,-599
285,1167360,2306117,2300098,2278832,2195907,1893766,1042046,99242,-2408,-937,-601
286,1171456,2314738,2308697,2287351,2204116,1900845,1045941,99613,-2417,-940,-603
287,1175552,2323359,2317295,2295870,2212325,1907925,1049837,99984,-2426,-944,-606
288,1179648,2331980,2325894,2304389,2220534,1915004,1053732,100355,-2435,-947,-608
289,1183744,2340601,2334492,2312908,2228743,1922084,1057628,100726,-2444,-951,-610
290,1187840,2349222,2343091,2321427,2236952,1929163,1061523,101097,-2453,-954,-612
291,1191936,2357843,2351689,2329946,2245161,1936243,1065419,101468,-2462,-958,-615
292,1196032,2366464,2360288,2338465,2253370,1943322,1069314,101839,-2471,-961,-617
293,1200128,2375085,2368886,2346984,2261579,1950402,1073210,102210,-2480,-965,-619
294,1204224,2383706,2377485,2355503,2269788,1957481,1077105,102581,-2489,-968,-621
295,1208320,2392327,2386083,2364022,2277997,1964561,1081001,102952,-2498,-972,-624
296,1212416,2400948,2394682,2372541,2286206,1971640,1084896,103323,-2507,-975,-626
297,1216512,2409569,2403280,2381060,2294415,1978720,1088792,103694,-2516,-979,-628
298,1220608,2418190,2411879,2389579,2302624,1985799,1092687,104065,-2525,-982,-630
299,1224704,2426811,2420477,2398098,2310833,1992879,1096583,104436,-2534,-986,-633
300,1228800,2435432,2429076,2406617,2319042,1999958,1100478,104807,-2543,-989,-635
301,1232896,2444053,2437674,2415136,2327251,2007038,1104374,105178,-2552,-993,-637
302,1236992,2452674,2446273,2423655,2335460,2014117,1108269,105549,-2561,-996,-639
303,1241088,2461295,2454871,2432174,2343669,2021197,1112165,105920,-2570,-1000,-642
304,1245184,2469916,2463470,2440693,2351878,2028276,1116060,106291,-2579,-1003,-644
305,1249280,2478537,2472068,2449212,2360087,2035356,1119956,106662,-2588,-1007,-646
306,1253376,2487158,2480667,2457731,2368296,2042435,1123851,107033,-2597,-1010,-648
307,1257472,2495779,2489265,2466250,2376505,2049515,1127747,107404,-2606,-1014,-651
308,1261568,2504400,2497864,2474769,2384714,2056594,1131642,107775,-2615,-1017,-653
309,1265664,2513021,2506462,2483288,2392923,2063674,1135538,108146,-2624,-1021,-655
310,1269760,2521642,2515061,2491807,2401132,2070753,1139433,108517,-2633,-1024,-657
311,1273856,2530263,2523659,2500326,2409341,2077833,1143329,108888,-2642,-1028,-660
312,1277952,2538884,2532258,2508845,2417550,2084912,1147224,109259,-2651,-1031,-662
313,1282048,2547505,2540856,2517364,2425759,2091992,1151120,109630,-2660,-1035,-664
314,1286144,2556126,2549455,2525883,2433968,2099071,1155015,110001,-2669,-1038,-666
315,1290240,2564747,2558053,2534402,2442177,2106151,1158911,110372,-2678,-1042,-669
316,1294336,2573368,2566652,2542921,2450386,2113230,1162806,110743,-2687,-1045,-671
317,1298432,2581989,2575250,2551440,2458595,2120310,1166702,111114,-2696,-1049,-673
318,1302528,2590610,2583849,2559959,2466804,2127389,1170597,111485,-2705,-1052,-675
319,1306624,2599231,2592447,2568478,2475013,2134469,1174493,111856,-2714,-1056,-678
320,1310720,2607852,2601046,2576997,2483222,2141548,1178388,112227,-2723,-1059,-680
321,1314816,2616473,2609644,2585516,2491431,2148628,1182284,112598,-2732,-1063,-682
322,1318912,2625094,2618243,2594035,2499640,2155707,1186179,112969,-2741,-1066,-684
323,1323008,2633715,2626841,2602554,2507849,2162787,1190075,113340,-2750,-1070,-687
324,1327104,2642336,2635440,2611073,2516058,2169866,1193970,113711,-2759,-1073,-689
325,1331200,2650957,2644038,2619592,2524267,2176946,1197866,114082,-2768,-1077,-691
326,1335296,2659578,2652637,2628111,2532476,2184025,1201761,114453,-2777,-1080,-693
327,1339392,2668199,2661235,2636630,2540685,2191105,1205657,114824,-2786,-1084,-696
328,1343488,2676820,2669834,2645149,2548894,2198184,1209552,115195,-2795,-1087,-698
329,1347584,2685441,2678432,2653668,2557103,2205264,1213448,115566,-2804,-1091,-700
330,1351680,2694062,2687031,2662187,2565312,2212343,1217343,115937,-2813,-1094,-702
331,1355776,2702683,2695629,2670706,2573521,2219423,1221239,116308,-2822,-1098,-705
332,1359872,2711304,2704228,2679225,2581730,2226502,1225134,116679,-2831,-1101,-707
333,1363968,2719925,2712826,2687744,2589939,2233582,1229030,117050,-2840,-1105,-709
334,1368064,2728546,2721425,2696263,2598148,2240661,1232925,117421,-2849,-1108,-711
335,1372160,2737167,2730023,2704782,2606357,2247741,1236821,117792,-2858,-1112,-714
336,1376256,2745788,2738622,2713301,2614566,2254820,1240716,118163,-2867,-1115,-716
337,1380352,2754409,2747220,2721820,2622775,2261900,1244612,118534,-2876,-1119,-718
338,1384448,2763030,2755819,2730339,2630984,2268979,1248507,118905,-2885,-1122,-720
339,1388544,2771651,2764417,2738858,2639193,2276059,1252403,119276,-2894,-1126,-723
340,1392640,2780272,2773016,2747377,2647402,2283138,1256298,119647,-2903,-1129,-725
341,1396736,2788893,2781614,2755896,2655611,2290218,1260194,120018,-2912,-1133,-727
342,1400832,2797514,2790213,2764415,2663820,2297297,1264089,120389,-2921,-1136,-729
343,1404928,2806135,2798811,2772934,2672029,2304377,1267985,120760,-2930,-1140,-732
344,1409024,2814756,2807410,2781453,2680238,2311456,1271880,121131,-2939,-1143,-734
345,1413120,2823377,2816008,2789972,2688447,2318536,1275776,121502,-2948,-1147,-736
346,1417216,2831998,2824607,2798491,2696656,2325615,1279671,121873,-2957,-1150,-738
347,1421312,2840619,2833205,2807010,2704865,2332695,1283567,122244,-2966,-1154,-741
348,1425408,2849240,2841804,2815529,2713074,2339774,1287462,122615,-2975,-1157,-743
349,1429504,2857861,2850402,2824048,2721283,2346854,1291358,122986,-2984,-1161,-745
350,1433600,2866482,2859001,2832567,2729492,2353933,1295253,123357,-2993,-1164,-747
351,1437696,2875103,2867599,2841086,2737701,2361013,1299149,123728,-3002,-1168,-750
352,1441792,2883724,2876198,2849605,2745910,2368092,1303044,124099,-3011,-1171,-752
353,1445888,2892345,2884796,2858124,2754119,2375172,1306940,124470,-3020,-1175,-754
354,1449984,2900966,2893395,2866643,2762328,2382251,1310835,124841,-3029,-1178,-756
355,1454080,2909587,2901993,2875162,2770537,2389331,1314731,125212,-3038,-1182,-759
356,1458176,2918208,2910592,2883681,2778746,2396410,1318626,125583,-3047,-1185,-761
357,1462272,2926829,2919190,2892200,2786955,2403490,1322522,125954,-3056,-1189,-763
358,1466368,2935450,2927789,2900719,2795164,2410569,1326417,126325,-3065,-1192,-765
359,1470464,2944071,2936387,2909238,2803373,2417649,1330313,126696,-3074,-1196,-768
360,1474560,2952692,2944986,2917757,2811582,2424728,1334208,127067,-3083,-1199,-770
361,1478656,2961313,2953584,2926276,2819791,2431808,1338104,127438,-3092,-1203,-772
362,1482752,2969934,2962183,2934795,2828000,2438887,1341999,127809,-3101,-1206,-774
363,1486848,2978555,2970781,2943314,2836209,2445967,1345895,128180,-3110,-1210,-777
364,1490944,2987176,2979380,2951833,2844418,2453046,1349790,128551,-3119,-1213,-779
365,1495040,2995797,2987978,2960352,2852627,2460126,1353686,128922,-3128,-1217,-781
366,1499136,3004418,2996577,2968871,2860836,2467205,1357581,129293,-3137,-1220,-783
367,1503232,3013039,3005175,2977390,2869045,2474285,1361477,129664,-3146,-1224,-786
368,1507328,3021660,3013774,2985909,2877254,2481364,1365372,130035,-3155,-1227,-788
369,1511424,3030281,3022372,2994428,2885463,2488444,1369268,130406,-3164,-1231,-790
370,1515520,3038902,3030971,3002947,2893672,2495523,1373163,130777,-3173,-1234,-792
371,1519616,3047523,3039569,3011466,2901881,2502603,1377059,131148,-3182,-1238,-795
372,1523712,3056144,3048168,3019985,2910090,2509682,1380954,131519,-3191,-1241,-797
373,1527808,3064765,3056766,3028504,2918299,2516762,1384850,131890,-3200,-1245,-799
374,1531904,3073386,3065365,3037023,2926508,2523841,1388745,132261,-3209,-1248,-801
375,1536000,3082007,3073963,3045542,2934717,2530921,1392641,132632,-3218,-1252,-804
376,1540096,3090628,3082562,3054061,2942926,2538000,1396536,133003,-3227,-1255,-806
377,1544192,3099249,3091160,3062580,2951135,2545080,1400432,133374,-3236,-1259,-808
378,1548288,3107870,3099759,3071099,2959344,2552159,1404327,133745,-3245,-1262,-810
379,1552384,3116491,3108357,3079618,2967553,2559239,1408223,134116,-3254,-1266,-813
380,1556480,3125112,3116956,3088137,2975762,2566318,1412118,134487,-3263,-1269,-815
381,1560576,3133733,3125554,3096656,2983971,2573398,1416014,134858,-3272,-1273,-817
382,1564672,3142354,3134153,3105175,2992180,2580477,1419909,135229,-3281,-1276,-819
383,1568768,3150975,3142751,3113694,3000389,2587557,1423805,135600,-3290,-1280,-822
384,1572864,3159596,3151350,3122213,3008598,2594636,1427700,135971,-3299,-1283,-824
385,1576960,3168217,3159948,3130732,3016807,2601716,1431596,136342,-3308,-1287,-826
386,1581056,3176838,3168547,3139251,3025016,2608795,1435491,136713,-3317,-1290,-828
387,1585152,3185459,3177145,3147770,3033225,2615875,1439387,137084,-3326,-1294,-831
388,1589248,3194080,3185744,3156289,3041434,2622954,1443282,137455,-3335,-1297,-833
389,1593344,3202701,3194342,3164808,3049643,2630034,1447178,137826,-3344,-1301,-835
390,1597440,3211322,3202941,3173327,3057852,2637113,1451073,138197,-3353,-1304,-837
391,1601536,3219943,3211539,3181846,3066061,2644193,1454969,138568,-3362,-1308,-840
392,1605632,3228564,3220138,3190365,3074270,2651272,1458864,138939,-3371,-1311,-842
393,1609728,3237185,3228736,3198884,3082479,2658352,1462760,139310,-3380,-1315,-844
394,1613824,3245806,3237335,3207403,3090688,2665431,1466655,139681,-3389,-1318,-846
395,1617920,3254427,3245933,3215922,3098897,2672511,1470551,140052,-3398,-1322,-849
396,1622016,3263048,3254532,3224441,3107106,2679590,1474446,140423,-3407,-1325,-851
397,1626112,3271669,3263130,3232960,3115315,2686670,1478342,140794,-3416,-1329,-853
398,1630208,3280290,3271729,3241479,3123524,2693749,1482237,141165,-3425,-1332,-855
399,1634304,3288911,3280327,3249998,3131733,2700829,1486133,141536,-3434,-1336,-858
400,1638400,3297532,3288926,3258517,3139942,2707908,1490028,141907,-3443,-1339,-860
401,1642496,3306153,3297524,3267036,3148151,2714988,1493924,142278,-3452,-1343,-862
402,1646592,3314774,3306123,3275555,3156360,2722067,1497819,142649,-3461,-1346,-864
403,1650688,3323395,3314721,3284074,3164569,2729147,1501715,143020,-3470,-1350,-867
404,1654784,3332016,3323320,3292593,3172778,2736226,1505610,143391,-3479,-1353,-869
405,1658880,3340637,3331918,3301112,3180987,2743306,1509506,143762,-3488,-1357,-871
406,1662976,3349258,3340517,3309631,3189196,2750385,1513401,144133,-3497,-1360,-873
407,1667072,3357879,3349115,3318150,3197405,2757465,1517297,144504,-3506,-1364,-876
408,1671168,3366500,3357714,3326669,3205614,2764544,1521192,144875,-3515,-1367,-878
409,1675264,3375121,3366312,3335188,3213823,2771624,1525088,145246,-3524,-1371,-880
410,1679360,3383742,3374911,3343707,3222032,2778703,1528983,145617,-3533,-1374,-882
411,1683456,3392363,3383509,3352226,3230241,2785783,1532879,145988,-3542,-1378,-885
412,1687552,3400984,3392108,3360745,3238450,2792862,1536774,146359,-3551,-1381,-887
413,1691648,3409605,3400706,3369264,3246659,2799942,1540670,146730,-3560,-1385,-889
414,1695744,3418226,3409305,3377783,3254868,2807021,1544565,147101,-3569,-1388,-891
415,1699840,3426847,3417903,3386302,3263077,2814101,1548461,147472,-3578,-1392,-894
416,1703936,3435468,3426502,3394821,3271286,2821180,1552356,147843,-3587,-1395,-896
417,1708032,3444089,3435100,3403340,3279495,2828260,1556252,148214,-3596,-1399,-898
418,1712128,3452710,3443699,3411859,3287704,2835339,1560147,148585,-3605,-1402,-900
419,1716224,3461331,3452297,3420378,3295913,2842419,1564043,148956,-3614,-1406,-903
420,1720320,3469952,3460896,3428897,3304122,2849498,1567938,149327,-3623,-1409,-905
421,1724416,3478573,3469494,3437416,3312331,2856578,1571834,149698,-3632,-1413,-907
422,1728512,3487194,3478093,3445935,3320540,2863657,1575729,150069,-3641,-1416,-909
423,1732608,3495815,3486691,3454454,3328749,2870737,1579625,150440,-3650,-1420,-912
424,1736704,3504436,3495290,3462973,3336958,2877816,1583520,150811,-3659,-1423,-914
425,1740800,3513057,3503888,3471492,3345167,2884896,1587416,151182,-3668,-1427,-916
426,1744896,3521678,3512487,3480011,3353376,2891975,1591311,151553,-3677,-1430,-918
427,1748992,3530299,3521085,3488530,3361585,2899055,1595207,151924,-3686,-1434,-921
428,1753088,3538920,3529684,3497049,3369794,2906134,1599102,152295,-3695,-1437,-923
429,1757184,3547541,3538282,3505568,3378003,2913214,1602998,152666,-3704,-1441,-925
430,1761280,3556162,3546881,3514087,3386212,2920293,1606893,153037,-3713,-1444,-927
431,1765376,3564783,3555479,3522606,3394421,2927373,1610789,153408,-3722,-1448,-930
432,1769472,3573404,3564078,3531125,3402630,2934452,1614684,153779,-3731,-1451,-932
433,1773568,3582025,3572676,3539644,3410839,2941532,1618580,154150,-3740,-1455,-934
434,1777664,3590646,3581275,3548163,3419048,2948611,1622475,154521,-3749,-1458,-936
435,1781760,3599267,3589873,3556682,3427257,2955691,1626371,154892,-3758,-1462,-939
436,1785856,3607888,3598472,3565201,3435466,2962770,1630266,155263,-3767,-1465,-941
437,1789952,3616509,3607070,3573720,3443675,2969850,1634162,155634,-3776,-1469,-943
438,1794048,3625130,3615669,3582239,3451884,2976929,1638057,156005,-3785,-1472,-945
439,1798144,3633751,3624267,3590758,3460093,2984009,1641953,156376,-3794,-1476,-948
440,1802240,3642372,3632866,3599277,3468302,2991088,1645848,156747,-3803,-1479,-950
441,1806336,3650993,3641464,3607796,3476511,2998168,1649744,157118,-3812,-1483,-952
442,1810432,3659614,3650063,3616315,3484720,3005247,1653639,157489,-3821,-1486,-954
443,1814528,3668235,3658661,3624834,3492929,3012327,1657535,157860,-3830,-1490,-957
444,1818624,3676856,3667260,3633353,3501138,3019406,1661430,158231,-3839,-1493,-959
445,1822720,3685477,3675858,3641872,3509347,3026486,1665326,158602,-3848,-1497,-961
446,1826816,3694098,3684457,3650391,3517556,3033565,1669221,158973,-3857,-1500,-963
447,1830912,3702719,3693055,3658910,3525765,3040645,1673117,159344,-3866,-1504,-966
448,1835008,3711340,3701654,3667429,3533974,3047724,1677012,159715,-3875,-1507,-968
449,1839104,3719961,3710252,3675948,3542183,3054804,1680908,160086,-3884,-1511,-970
450,1843200,3728582,3718851,3684467,3550392,3061883,1684803,160457,-3893,-1514,-972
451,1847296,3737203,3727449,3692986,3558601,3068963,1688699,160828,-3902,-1518,-975
452,1851392,3745824,3736048,3701505,3566810,3076042,1692594,161199,-3911,-1521,-977
453,1855488,3754445,3744646,3710024,3575019,3083122,1696490,161570,-3920,-1525,-979
454,1859584,3763066,3753245,3718543,3583228,3090201,1700385,161941,-3929,-1528,-981
455,1863680,3771687,3761843,3727062,3591437,3097281,1704281,162312,-3938,-1532,-984
456,1867776,3780308,3770442,3735581,3599646,3104360,1708176,162683,-3947,-1535,-986
457,1871872,3788929,3779040,3744100,3607855,3111440,1712072,163054,-3956,-1539,-988
458,1875968,3797550,3787639,3752619,3616064,3118519,1715967,163425,-3965,-1542,-990
459,1880064,3806171,3796237,3761138,3624273,3125599,1719863,163796,-3974,-1546,-993
460,1884160,3814792,3804836,3769657,3632482,3132678,1723758,164167,-3983,-1549,-995
461,1888256,3823413,3813434,3778176,3640691,3139758,1727654,164538,-3992,-1553,-997
462,1892352,3832034,3822033,3786695,3648900,3146837,1731549,164909,-4001,-1556,-999
463,1896448,3840655,3830631,3795214,3657109,3153917,1735445,165280,-4010,-1560,-1002
464,1900544,3849276,3839230,3803733,3665318,3160996,1739340,165651,-4019,-1563,-1004
465,1904640,3857897,3847828,3812252,3673527,3168076,1743236,166022,-4028,-1567,-1006
466,1908736,3866518,3856427,3820771,3681736,3175155,1747131,166393,-4037,-1570,-1008
467,1912832,3875139,3865025,3829290,3689945,3182235,1751027,166764,-4046,-1574,-1011
468,1916928,3883760,3873624,3837809,3698154,3189314,1754922,167135,-4055,-1577,-1013
469,1921024,3892381,3882222,3846328,3706363,3196394,1758818,167506,-4064,-1581,-1015
470,1925120,3901002,3890821,3854847,3714572,3203473,1762713,167877,-4073,-1584,-1017
471,1929216,3909623,3899419,3863366,3722781,3210553,1766609,168248,-4082,-1588,-1020
472,1933312,3918244,3908018,3871885,3730990,3217632,1770504,168619,-4091,-1591,-1022
473,1937408,3926865,3916616,3880404,3739199,3224712,1774400,168990,-4100,-1595,-1024
474,1941504,3935486,3925215,3888923,3747408,3231791,1778295,169361,-4109,-1598,-1026
475,1945600,3944107,3933813,3897442,3755617,3238871,1782191,169732,-4118,-1602,-1029
476,1949696,3952728,3942412,3905961,3763826,3245950,1786086,170103,-4127,-1605,-1031
477,1953792,3961349,3951010,3914480,3772035,3253030,1789982,170474,-4136,-1609,-1033
478,1957888,3969970,3959609,3922999,3780244,3260109,1793877,170845,-4145,-1612,-1035
479,1961984,3978591,3968207,3931518,3788453,3267189,1797773,171216,-4154,-1616,-1038
480,1966080,3987212,3976806,3940037,3796662,3274268,1801668,171587,-4163,-1619,-1040
481,1970176,3995833,3985404,3948556,3804871,3281348,1805564,171958,-4172,-1623,-1042
482,1974272,4004454,3994003,3957075,3813080,3288427,1809459,172329,-4181,-1626,-1044
483,1978368,4013075,4002601,3965594,3821289,3295507,1813355,172700,-4190,-1630,-1047
484,1982464,4021696,4011200,3974113,3829498,3302586,1817250,173071,-4199,-1633,-1049
485,1986560,4030317,4019798,3982632,3837707,3309666,1821146,173442,-4208,-1637,-1051
486,1990656,4038938,4028397,3991151,3845916,3316745,1825041,173813,-4217,-1640,-1053
487,1994752,4047559,4036995,3999670,3854125,3323825,1828937,174184,-4226,-1644,-1056
488,1998848,4056180,4045594,4008189,3862334,3330904,1832832,174555,-4235,-1647,-1058
489,2002944,4064801,4054192,4016708,3870543,3337984,1836728,174926,-4244,-1651,-1060
490,2007040,4073422,4062791,4025227,3878752,3345063,1840623,175297,-4253,-1654,-1062
491,2011136,4082043,4071389,4033746,3886961,3352143,1844519,175668,-4262,-1658,-1065
492,2015232,4090664,4079988,4042265,3895170,3359222,1848414,176039,-4271,-1661,-1067
493,2019328,4099285,4088586,4050784,3903379,3366302,1852310,176410,-4280,-1665,-1069
494,2023424,4107906,4097185,4059303,3911588,3373381,1856205,176781,-4289,-1668,-1071
495,2027520,4116527,4105783,4067822,3919797,3380461,1860101,177152,-4298,-1672,-1074
496,2031616,4125148,4114382,4076341,3928006,3387540,1863996,177523,-4307,-1675,-1076
497,2035712,4133769,4122980,4084860,3936215,3394620,1867892,177894,-4316,-1679,-1078
498,2039808,4142390,4131579,4093379,3944424,3401699,1871787,178265,-4325,-1682,-1080
499,2043904,4151011,4140177,4101898,3952633,3408779,1875683,178636,-4334,-1686,-1083
500,2048000,4159632,4148776,4110417,3960842,3415858,1879578,179007,-4343,-1689,-1085
501,2052096,4168253,4157374,4118936,3969051,3422938,1883474,179378,-4352,-1693,-1087
502,2056192,4176874,4165973,4127455,3977260,3430017,1887369,179749,-4361,-1696,-1089
503,2060288,4185495,4174571,4135974,3985469,3437097,1891265,180120,-4370,-1700,-1092
504,2064384,4194116,4183170,4144493,3993678,3444176,1895160,180491,-4379,-1703,-1094
505,2068480,4202737,4191768,4153012,4001887,3451256,1899056,180862,-4388,-1707,-1096
506,2072576,4211358,4200367,4161531,4010096,3458335,1902951,181233,-4397,-1710,-1098
507,2076672,4219979,4208965,4170050,4018305,3465415,1906847,181604,-4406,-1714,-1101
508,2080768,4228600,4217564,4178569,4026514,3472494,1910742,181975,-4415,-1717,-1103
509,2084864,4237221,4226162,4187088,4034723,3479574,1914638,182346,-4424,-1721,-1105
510,2088960,4245842,4234761,4195607,4042932,3486653,1918533,182717,-4433,-1724,-1107
511,2093056,4254463,4243359,4204126,4051141,3493733,1922429,183088,-4442,-1728,-1110
